COVID_VACCINE_PROD_DATE_AUTH,COVID_VACCINE_PROD_DATE_END,COVID_VACCINE_PROD_DATE_START,COVID_VACCINE_PROD_DISPLAY,COVID_VACCINE_PROD_MANU_NAME,COVID_VACCINE_PROD_NAME,COVID_VACCINE_PROD_SOURCE,ISO3
,,,AstraZeneca - AZD1222,AstraZeneca,AZD1222,OWID,SHN
,,,Moderna - mRNA-1273,Moderna,mRNA-1273,OWID,GRL
,,,Moderna - mRNA-1273,Moderna,mRNA-1273,OWID,FRO
,,,Pfizer BioNTech - Comirnaty,Pfizer BioNTech,Comirnaty,OWID,FRO
,,,Moderna - mRNA-1273,Moderna,mRNA-1273,OWID,JEY
,,,AstraZeneca - AZD1222,AstraZeneca,AZD1222,OWID,JEY
,,,Pfizer BioNTech - Comirnaty,Pfizer BioNTech,Comirnaty,OWID,JEY
,,,AstraZeneca - AZD1222,AstraZeneca,AZD1222,OWID,BIH
,,,Pfizer BioNTech - Comirnaty,Pfizer BioNTech,Comirnaty,OWID,BIH
,,,Sinovac - CoronaVac,Sinovac,Coronavac,OWID,BIH
,,,Moderna - mRNA-1273,Moderna,mRNA-1273,OWID,GGY
,,,AstraZeneca - AZD1222,AstraZeneca,AZD1222,OWID,GGY
,,,Pfizer BioNTech - Comirnaty,Pfizer BioNTech,Comirnaty,OWID,GGY
,,,Pfizer BioNTech - Comirnaty,Pfizer BioNTech,Comirnaty,OWID,TUR
,,,Sinovac - CoronaVac,Sinovac,Coronavac,OWID,TUR
,,,Turkovac,,,OWID,TUR
,,,SRCVB - EpiVacCorona,State Research Center of Virology & Biotechnology,EpiVacCorona,OWID,RUS
,,,AstraZeneca - AZD1222,AstraZeneca,AZD1222,OWID,GIB
,,,Pfizer BioNTech - Comirnaty,Pfizer BioNTech,Comirnaty,OWID,GIB
,,,Moderna - mRNA-1273,Moderna,mRNA-1273,OWID,IMN
,,,AstraZeneca - AZD1222,AstraZeneca,AZD1222,OWID,IMN
,,,Pfizer BioNTech - Comirnaty,Pfizer BioNTech,Comirnaty,OWID,IMN
,,,AstraZeneca - AZD1222,AstraZeneca,AZD1222,OWID,FLK
,,,Anhui ZL - Zifivax,Anhui Zhifei Longcom Biopharmaceutical,Zifivax,REPORTING,TKM
,,,Anhui ZL - Zifivax,Anhui Zhifei Longcom Biopharmaceutical,Zifivax,REPORTING,CHN
,,,Anhui ZL - Zifivax,Anhui Zhifei Longcom Biopharmaceutical,Zifivax,REPORTING,UZB
,,2021-01-06,Shenzhen - LV-SMENP-DC,Shenzhen GenoImmune Medical Institute,LV-SMENP-DC,REPORTING,CHN
,,,Valneva - VLA2001,Valneva,VLA2001,REPORTING,DEU
,,,Valneva - VLA2001,Valneva,VLA2001,REPORTING,AUT
,,,Finlay - Soberana-02,Instituto Finlay de Vacunas,Soberana-02,REPORTING,CUB
,,,Finlay - Soberana-02,Instituto Finlay de Vacunas,Soberana-02,REPORTING,NIC
,,,Finlay - Soberana-02,Instituto Finlay de Vacunas,Soberana-02,REPORTING,IRN
,,,Finlay - Soberana-02,Instituto Finlay de Vacunas,Soberana-02,REPORTING,VEN
2021-09-06,,2021-09-06,IMB - Covidful,Insitute of Medical Biology,Covidful,REPORTING,CHN
,,,Gamaleya - Gam-Covid-Vac,Gamaleya Research Institute,Gam-Covid-Vac,REPORTING,ARM
,,2021-01-08,Gamaleya - Gam-Covid-Vac,Gamaleya Research Institute,Gam-Covid-Vac,REPORTING,VNM
,,,Gamaleya - Gam-Covid-Vac,Gamaleya Research Institute,Gam-Covid-Vac,REPORTING,YEM
,,2021-07-04,Gamaleya - Gam-Covid-Vac,Gamaleya Research Institute,Gam-Covid-Vac,REPORTING,KAZ
,,,Gamaleya - Gam-Covid-Vac,Gamaleya Research Institute,Gam-Covid-Vac,REPORTING,TKM
,,,Gamaleya - Gam-Covid-Vac,Gamaleya Research Institute,Gam-Covid-Vac,REPORTING,OMN
,,2021-04-05,Gamaleya - Gam-Covid-Vac,Gamaleya Research Institute,Gam-Covid-Vac,REPORTING,PHL
2021-03-02,,2021-09-02,Gamaleya - Gam-Covid-Vac,Gamaleya Research Institute,Gam-Covid-Vac,REPORTING,LAO
,,2021-05-03,Gamaleya - Gam-Covid-Vac,Gamaleya Research Institute,Gam-Covid-Vac,REPORTING,GIN
2021-09-02,,2021-02-03,Gamaleya - Gam-Covid-Vac,Gamaleya Research Institute,Gam-Covid-Vac,REPORTING,GHA
2021-03-02,,2021-01-04,Gamaleya - Gam-Covid-Vac,Gamaleya Research Institute,Gam-Covid-Vac,REPORTING,SYR
,,2021-01-03,Gamaleya - Gam-Covid-Vac,Gamaleya Research Institute,Gam-Covid-Vac,REPORTING,CIV
2021-01-01,,,Gamaleya - Gam-Covid-Vac,Gamaleya Research Institute,Gam-Covid-Vac,REPORTING,VEN
,,,Gamaleya - Gam-Covid-Vac,Gamaleya Research Institute,Gam-Covid-Vac,REPORTING,LBN
2021-04-03,,2021-06-05,Gamaleya - Gam-Covid-Vac,Gamaleya Research Institute,Gam-Covid-Vac,REPORTING,LKA
,,,Gamaleya - Gam-Covid-Vac,Gamaleya Research Institute,Gam-Covid-Vac,REPORTING,PRY
2021-02-02,,2021-03-03,Gamaleya - Gam-Covid-Vac,Gamaleya Research Institute,Gam-Covid-Vac,REPORTING,NIC
,,,Gamaleya - Gam-Covid-Vac,Gamaleya Research Institute,Gam-Covid-Vac,REPORTING,MDV
,,,Gamaleya - Gam-Covid-Vac,Gamaleya Research Institute,Gam-Covid-Vac,REPORTING,JOR
,,2021-09-02,Gamaleya - Gam-Covid-Vac,Gamaleya Research Institute,Gam-Covid-Vac,REPORTING,IRN
,,,Gamaleya - Gam-Covid-Vac,Gamaleya Research Institute,Gam-Covid-Vac,REPORTING,KWT
,,,Gamaleya - Gam-Covid-Vac,Gamaleya Research Institute,Gam-Covid-Vac,REPORTING,MNE
,,,Gamaleya - Gam-Covid-Vac,Gamaleya Research Institute,Gam-Covid-Vac,REPORTING,BGD
,,2021-06-01,Gamaleya - Gam-Covid-Vac,Gamaleya Research Institute,Gam-Covid-Vac,REPORTING,SRB
,,,Gamaleya - Gam-Covid-Vac,Gamaleya Research Institute,Gam-Covid-Vac,REPORTING,UZB
2021-06-02,,,Gamaleya - Gam-Covid-Vac,Gamaleya Research Institute,Gam-Covid-Vac,REPORTING,MNG
,,2021-03-02,Gamaleya - Gam-Covid-Vac,Gamaleya Research Institute,Gam-Covid-Vac,REPORTING,PAK
,,,Gamaleya - Gam-Covid-Vac,Gamaleya Research Institute,Gam-Covid-Vac,REPORTING,SAU
2021-10-01,,,Gamaleya - Gam-Covid-Vac,Gamaleya Research Institute,Gam-Covid-Vac,REPORTING,DZA
,,,Gamaleya - Gam-Covid-Vac,Gamaleya Research Institute,Gam-Covid-Vac,REPORTING,RWA
,,,Gamaleya - Gam-Covid-Vac,Gamaleya Research Institute,Gam-Covid-Vac,REPORTING,SDN
2021-12-04,,,Gamaleya - Gam-Covid-Vac,Gamaleya Research Institute,Gam-Covid-Vac,REPORTING,IND
,,,Gamaleya - Gam-Covid-Vac,Gamaleya Research Institute,Gam-Covid-Vac,REPORTING,ALB
,,2021-11-04,Gamaleya - Gam-Covid-Vac,Gamaleya Research Institute,Gam-Covid-Vac,REPORTING,LBY
,,2021-01-02,Gamaleya - Gam-Covid-Vac,Gamaleya Research Institute,Gam-Covid-Vac,REPORTING,VCT
,,,Gamaleya - Gam-Covid-Vac,Gamaleya Research Institute,Gam-Covid-Vac,REPORTING,HND
,,,Gamaleya - Gam-Covid-Vac,Gamaleya Research Institute,Gam-Covid-Vac,REPORTING,ATG
,,,Gamaleya - Gam-Covid-Vac,Gamaleya Research Institute,Gam-Covid-Vac,REPORTING,NPL
,,2021-10-03,Gamaleya - Gam-Covid-Vac,Gamaleya Research Institute,Gam-Covid-Vac,REPORTING,MKD
,,2021-03-02,Gamaleya - Gam-Covid-Vac,Gamaleya Research Institute,Gam-Covid-Vac,REPORTING,BLR
,,,Gamaleya - Gam-Covid-Vac,Gamaleya Research Institute,Gam-Covid-Vac,REPORTING,ARG
,,,Gamaleya - Gam-Covid-Vac,Gamaleya Research Institute,Gam-Covid-Vac,REPORTING,SYC
,,,Gamaleya - Gam-Covid-Vac,Gamaleya Research Institute,Gam-Covid-Vac,REPORTING,GTM
,,,Gamaleya - Gam-Covid-Vac,Gamaleya Research Institute,Gam-Covid-Vac,REPORTING,QAT
,,2021-02-03,Gamaleya - Gam-Covid-Vac,Gamaleya Research Institute,Gam-Covid-Vac,REPORTING,IRQ
2020-03-11,,2020-04-11,Gamaleya - Gam-Covid-Vac,Gamaleya Research Institute,Gam-Covid-Vac,REPORTING,BHR
2021-02-04,,2021-02-04,Gamaleya - Gam-Covid-Vac,Gamaleya Research Institute,Gam-Covid-Vac,REPORTING,GUY
,,,Gamaleya - Gam-Covid-Vac,Gamaleya Research Institute,Gam-Covid-Vac,REPORTING,SOM
,,,Gamaleya - Gam-Covid-Vac,Gamaleya Research Institute,Gam-Covid-Vac,REPORTING,ARE
,,,Gamaleya - Gam-Covid-Vac,Gamaleya Research Institute,Gam-Covid-Vac,REPORTING,BOL
,,,Gamaleya - Gam-Covid-Vac,Gamaleya Research Institute,Gam-Covid-Vac,REPORTING,MAR
,,,Gamaleya - Gam-Covid-Vac,Gamaleya Research Institute,Gam-Covid-Vac,REPORTING,KGZ
,,2021-10-02,Gamaleya - Gam-Covid-Vac,Gamaleya Research Institute,Gam-Covid-Vac,REPORTING,HUN
2021-11-01,,,Gamaleya - Gam-Covid-Vac,Gamaleya Research Institute,Gam-Covid-Vac,REPORTING,TUN
,,2021-05-05,Gamaleya - Gam-Covid-Vac,Gamaleya Research Institute,Gam-Covid-Vac,REPORTING,MDA
,,,Gamaleya - Gam-Covid-Vac,Gamaleya Research Institute,Gam-Covid-Vac,REPORTING,AFG
,,,Gamaleya - Gam-Covid-Vac,Gamaleya Research Institute,Gam-Covid-Vac,REPORTING,SVK
2021-09-02,,,Gamaleya - Gam-Covid-Vac,Gamaleya Research Institute,Gam-Covid-Vac,REPORTING,MEX
,,,Gamaleya - Gam-Covid-Vac,Gamaleya Research Institute,Gam-Covid-Vac,REPORTING,TJK
2021-03-03,,,Gamaleya - Gam-Covid-Vac,Gamaleya Research Institute,Gam-Covid-Vac,REPORTING,COG
,,,Gamaleya - Gam-Covid-Vac,Gamaleya Research Institute,Gam-Covid-Vac,REPORTING,EGY
,,,Gamaleya - Gam-Covid-Vac,Gamaleya Research Institute,Gam-Covid-Vac,REPORTING,GAB
,,,Gamaleya - Gam-Covid-Vac,Gamaleya Research Institute,Gam-Covid-Vac,REPORTING,ZWE
,,2021-02-02,Gamaleya - Gam-Covid-Vac,Gamaleya Research Institute,Gam-Covid-Vac,REPORTING,PSE
,,,Gamaleya - Gam-Covid-Vac,Gamaleya Research Institute,Gam-Covid-Vac,REPORTING,DJI
,,,Gamaleya - Gam-Covid-Vac,Gamaleya Research Institute,Gam-Covid-Vac,REPORTING,MYS
,,,Gamaleya - Gam-Covid-Vac,Gamaleya Research Institute,Gam-Covid-Vac,REPORTING,SMR
,,,Gamaleya - Gam-Covid-Vac,Gamaleya Research Institute,Gam-Covid-Vac,REPORTING,AZE
,,,RIBSP - QazVac,Research Institute for Biological Safety Problems,QazVac,REPORTING,KAZ
,,,RIBSP - QazVac,Research Institute for Biological Safety Problems,QazVac,REPORTING,TKM
,,,RIBSP - QazVac,Research Institute for Biological Safety Problems,QazVac,REPORTING,KGZ
2021-05-03,,,Beijing CNBG - BBIBP-CorV,Beijing Bio-Institute Biological Products (CNBG),BBIBP-CorV,REPORTING,ETH
,,,Beijing CNBG - BBIBP-CorV,Beijing Bio-Institute Biological Products (CNBG),BBIBP-CorV,REPORTING,ARM
2021-07-05,,2021-04-06,Beijing CNBG - BBIBP-CorV,Beijing Bio-Institute Biological Products (CNBG),BBIBP-CorV,REPORTING,TCD
2021-03-06,,2021-10-07,Beijing CNBG - BBIBP-CorV,Beijing Bio-Institute Biological Products (CNBG),BBIBP-CorV,REPORTING,VNM
2021-05-08,,,Beijing CNBG - BBIBP-CorV,Beijing Bio-Institute Biological Products (CNBG),BBIBP-CorV,REPORTING,MDG
,,,Beijing CNBG - BBIBP-CorV,Beijing Bio-Institute Biological Products (CNBG),BBIBP-CorV,REPORTING,BRB
,,,Beijing CNBG - BBIBP-CorV,Beijing Bio-Institute Biological Products (CNBG),BBIBP-CorV,REPORTING,LAO
2021-02-06,,,Beijing CNBG - BBIBP-CorV,Beijing Bio-Institute Biological Products (CNBG),BBIBP-CorV,REPORTING,VUT
,,,Beijing CNBG - BBIBP-CorV,Beijing Bio-Institute Biological Products (CNBG),BBIBP-CorV,REPORTING,ZMB
,,2021-10-07,Beijing CNBG - BBIBP-CorV,Beijing Bio-Institute Biological Products (CNBG),BBIBP-CorV,REPORTING,SUR
2021-10-06,,,Beijing CNBG - BBIBP-CorV,Beijing Bio-Institute Biological Products (CNBG),BBIBP-CorV,REPORTING,CIV
2021-12-03,,2021-08-03,Beijing CNBG - BBIBP-CorV,Beijing Bio-Institute Biological Products (CNBG),BBIBP-CorV,REPORTING,VEN
,,,Beijing CNBG - BBIBP-CorV,Beijing Bio-Institute Biological Products (CNBG),BBIBP-CorV,REPORTING,LBN
2021-07-06,,,Beijing CNBG - BBIBP-CorV,Beijing Bio-Institute Biological Products (CNBG),BBIBP-CorV,REPORTING,PHL
2021-03-06,,,Beijing CNBG - BBIBP-CorV,Beijing Bio-Institute Biological Products (CNBG),BBIBP-CorV,REPORTING,SLV
2021-12-02,,2021-05-03,Beijing CNBG - BBIBP-CorV,Beijing Bio-Institute Biological Products (CNBG),BBIBP-CorV,REPORTING,GIN
,,,Beijing CNBG - BBIBP-CorV,Beijing Bio-Institute Biological Products (CNBG),BBIBP-CorV,REPORTING,DOM
,,,Beijing CNBG - BBIBP-CorV,Beijing Bio-Institute Biological Products (CNBG),BBIBP-CorV,REPORTING,BTN
,,2021-10-03,Beijing CNBG - BBIBP-CorV,Beijing Bio-Institute Biological Products (CNBG),BBIBP-CorV,REPORTING,GMB
2021-03-02,,2021-01-04,Beijing CNBG - BBIBP-CorV,Beijing Bio-Institute Biological Products (CNBG),BBIBP-CorV,REPORTING,SYR
,,2021-03-09,Beijing CNBG - BBIBP-CorV,Beijing Bio-Institute Biological Products (CNBG),BBIBP-CorV,REPORTING,KIR
,,,Beijing CNBG - BBIBP-CorV,Beijing Bio-Institute Biological Products (CNBG),BBIBP-CorV,REPORTING,PNG
,,,Beijing CNBG - BBIBP-CorV,Beijing Bio-Institute Biological Products (CNBG),BBIBP-CorV,REPORTING,MDV
,,,Beijing CNBG - BBIBP-CorV,Beijing Bio-Institute Biological Products (CNBG),BBIBP-CorV,REPORTING,JOR
,,2021-09-02,Beijing CNBG - BBIBP-CorV,Beijing Bio-Institute Biological Products (CNBG),BBIBP-CorV,REPORTING,IRN
,,,Beijing CNBG - BBIBP-CorV,Beijing Bio-Institute Biological Products (CNBG),BBIBP-CorV,REPORTING,NER
2021-01-04,,2021-12-04,Beijing CNBG - BBIBP-CorV,Beijing Bio-Institute Biological Products (CNBG),BBIBP-CorV,REPORTING,CMR
2021-08-05,,2021-05-04,Beijing CNBG - BBIBP-CorV,Beijing Bio-Institute Biological Products (CNBG),BBIBP-CorV,REPORTING,LKA
,,,Beijing CNBG - BBIBP-CorV,Beijing Bio-Institute Biological Products (CNBG),BBIBP-CorV,REPORTING,BFA
,,,Beijing CNBG - BBIBP-CorV,Beijing Bio-Institute Biological Products (CNBG),BBIBP-CorV,REPORTING,PRY
,,2022-01-04,Beijing CNBG - BBIBP-CorV,Beijing Bio-Institute Biological Products (CNBG),BBIBP-CorV,REPORTING,NIC
,,,Beijing CNBG - BBIBP-CorV,Beijing Bio-Institute Biological Products (CNBG),BBIBP-CorV,REPORTING,KWT
,,,Beijing CNBG - BBIBP-CorV,Beijing Bio-Institute Biological Products (CNBG),BBIBP-CorV,REPORTING,BLZ
,,2021-10-03,Beijing CNBG - BBIBP-CorV,Beijing Bio-Institute Biological Products (CNBG),BBIBP-CorV,REPORTING,MNE
,,,Beijing CNBG - BBIBP-CorV,Beijing Bio-Institute Biological Products (CNBG),BBIBP-CorV,REPORTING,BGD
,,,Beijing CNBG - BBIBP-CorV,Beijing Bio-Institute Biological Products (CNBG),BBIBP-CorV,REPORTING,SRB
2021-09-02,,2021-10-03,Beijing CNBG - BBIBP-CorV,Beijing Bio-Institute Biological Products (CNBG),BBIBP-CorV,REPORTING,MNG
,,2021-03-02,Beijing CNBG - BBIBP-CorV,Beijing Bio-Institute Biological Products (CNBG),BBIBP-CorV,REPORTING,PAK
,,,Beijing CNBG - BBIBP-CorV,Beijing Bio-Institute Biological Products (CNBG),BBIBP-CorV,REPORTING,PRT
,,,Beijing CNBG - BBIBP-CorV,Beijing Bio-Institute Biological Products (CNBG),BBIBP-CorV,REPORTING,SAU
2021-10-02,,,Beijing CNBG - BBIBP-CorV,Beijing Bio-Institute Biological Products (CNBG),BBIBP-CorV,REPORTING,DZA
,,,Beijing CNBG - BBIBP-CorV,Beijing Bio-Institute Biological Products (CNBG),BBIBP-CorV,REPORTING,RWA
,,2021-09-03,Beijing CNBG - BBIBP-CorV,Beijing Bio-Institute Biological Products (CNBG),BBIBP-CorV,REPORTING,SDN
,,2021-11-04,Beijing CNBG - BBIBP-CorV,Beijing Bio-Institute Biological Products (CNBG),BBIBP-CorV,REPORTING,LBY
,,,Beijing CNBG - BBIBP-CorV,Beijing Bio-Institute Biological Products (CNBG),BBIBP-CorV,REPORTING,KEN
,,,Beijing CNBG - BBIBP-CorV,Beijing Bio-Institute Biological Products (CNBG),BBIBP-CorV,REPORTING,ATG
,,2021-02-04,Beijing CNBG - BBIBP-CorV,Beijing Bio-Institute Biological Products (CNBG),BBIBP-CorV,REPORTING,GNB
,,2021-07-04,Beijing CNBG - BBIBP-CorV,Beijing Bio-Institute Biological Products (CNBG),BBIBP-CorV,REPORTING,NPL
2021-12-03,,,Beijing CNBG - BBIBP-CorV,Beijing Bio-Institute Biological Products (CNBG),BBIBP-CorV,REPORTING,SLB
,,,Beijing CNBG - BBIBP-CorV,Beijing Bio-Institute Biological Products (CNBG),BBIBP-CorV,REPORTING,MKD
,,,Beijing CNBG - BBIBP-CorV,Beijing Bio-Institute Biological Products (CNBG),BBIBP-CorV,REPORTING,CHN
,,,Beijing CNBG - BBIBP-CorV,Beijing Bio-Institute Biological Products (CNBG),BBIBP-CorV,REPORTING,BLR
,,2021-02-03,Beijing CNBG - BBIBP-CorV,Beijing Bio-Institute Biological Products (CNBG),BBIBP-CorV,REPORTING,ARG
,,2021-10-01,Beijing CNBG - BBIBP-CorV,Beijing Bio-Institute Biological Products (CNBG),BBIBP-CorV,REPORTING,SYC
,,,Beijing CNBG - BBIBP-CorV,Beijing Bio-Institute Biological Products (CNBG),BBIBP-CorV,REPORTING,QAT
,,,Beijing CNBG - BBIBP-CorV,Beijing Bio-Institute Biological Products (CNBG),BBIBP-CorV,REPORTING,SOM
,,2021-09-02,Beijing CNBG - BBIBP-CorV,Beijing Bio-Institute Biological Products (CNBG),BBIBP-CorV,REPORTING,PER
,,,Beijing CNBG - BBIBP-CorV,Beijing Bio-Institute Biological Products (CNBG),BBIBP-CorV,REPORTING,ARE
,,,Beijing CNBG - BBIBP-CorV,Beijing Bio-Institute Biological Products (CNBG),BBIBP-CorV,REPORTING,NAM
,,2021-02-05,Beijing CNBG - BBIBP-CorV,Beijing Bio-Institute Biological Products (CNBG),BBIBP-CorV,REPORTING,BOL
,,2021-02-03,Beijing CNBG - BBIBP-CorV,Beijing Bio-Institute Biological Products (CNBG),BBIBP-CorV,REPORTING,IRQ
2020-03-11,,2020-04-11,Beijing CNBG - BBIBP-CorV,Beijing Bio-Institute Biological Products (CNBG),BBIBP-CorV,REPORTING,BHR
2021-01-02,,2021-12-02,Beijing CNBG - BBIBP-CorV,Beijing Bio-Institute Biological Products (CNBG),BBIBP-CorV,REPORTING,GNQ
,,2021-02-03,Beijing CNBG - BBIBP-CorV,Beijing Bio-Institute Biological Products (CNBG),BBIBP-CorV,REPORTING,GUY
,,,Beijing CNBG - BBIBP-CorV,Beijing Bio-Institute Biological Products (CNBG),BBIBP-CorV,REPORTING,SGP
,,,Beijing CNBG - BBIBP-CorV,Beijing Bio-Institute Biological Products (CNBG),BBIBP-CorV,REPORTING,SEN
2021-11-01,,,Beijing CNBG - BBIBP-CorV,Beijing Bio-Institute Biological Products (CNBG),BBIBP-CorV,REPORTING,TUN
2021-03-02,,2021-03-04,Beijing CNBG - BBIBP-CorV,Beijing Bio-Institute Biological Products (CNBG),BBIBP-CorV,REPORTING,BRN
,,,Beijing CNBG - BBIBP-CorV,Beijing Bio-Institute Biological Products (CNBG),BBIBP-CorV,REPORTING,TTO
,,,Beijing CNBG - BBIBP-CorV,Beijing Bio-Institute Biological Products (CNBG),BBIBP-CorV,REPORTING,MDA
,,,Beijing CNBG - BBIBP-CorV,Beijing Bio-Institute Biological Products (CNBG),BBIBP-CorV,REPORTING,AFG
2021-01-02,,2021-10-04,Beijing CNBG - BBIBP-CorV,Beijing Bio-Institute Biological Products (CNBG),BBIBP-CorV,REPORTING,COM
,,,Beijing CNBG - BBIBP-CorV,Beijing Bio-Institute Biological Products (CNBG),BBIBP-CorV,REPORTING,SLE
,,,Beijing CNBG - BBIBP-CorV,Beijing Bio-Institute Biological Products (CNBG),BBIBP-CorV,REPORTING,MUS
,,,Beijing CNBG - BBIBP-CorV,Beijing Bio-Institute Biological Products (CNBG),BBIBP-CorV,REPORTING,KGZ
,,,Beijing CNBG - BBIBP-CorV,Beijing Bio-Institute Biological Products (CNBG),BBIBP-CorV,REPORTING,HUN
,,,Beijing CNBG - BBIBP-CorV,Beijing Bio-Institute Biological Products (CNBG),BBIBP-CorV,REPORTING,MOZ
,,,Beijing CNBG - BBIBP-CorV,Beijing Bio-Institute Biological Products (CNBG),BBIBP-CorV,REPORTING,BDI
,,,Beijing CNBG - BBIBP-CorV,Beijing Bio-Institute Biological Products (CNBG),BBIBP-CorV,REPORTING,THA
2021-03-03,,,Beijing CNBG - BBIBP-CorV,Beijing Bio-Institute Biological Products (CNBG),BBIBP-CorV,REPORTING,COG
,,,Beijing CNBG - BBIBP-CorV,Beijing Bio-Institute Biological Products (CNBG),BBIBP-CorV,REPORTING,EGY
,,,Beijing CNBG - BBIBP-CorV,Beijing Bio-Institute Biological Products (CNBG),BBIBP-CorV,REPORTING,GAB
2021-06-01,,,Beijing CNBG - BBIBP-CorV,Beijing Bio-Institute Biological Products (CNBG),BBIBP-CorV,REPORTING,MAR
2021-08-08,,,Beijing CNBG - BBIBP-CorV,Beijing Bio-Institute Biological Products (CNBG),BBIBP-CorV,REPORTING,TZA
,,,Beijing CNBG - BBIBP-CorV,Beijing Bio-Institute Biological Products (CNBG),BBIBP-CorV,REPORTING,MRT
2021-12-11,,,Beijing CNBG - BBIBP-CorV,Beijing Bio-Institute Biological Products (CNBG),BBIBP-CorV,REPORTING,JAM
,,2021-11-03,Beijing CNBG - BBIBP-CorV,Beijing Bio-Institute Biological Products (CNBG),BBIBP-CorV,REPORTING,DMA
,,,Beijing CNBG - BBIBP-CorV,Beijing Bio-Institute Biological Products (CNBG),BBIBP-CorV,REPORTING,IDN
2021-04-02,,2021-10-02,Beijing CNBG - BBIBP-CorV,Beijing Bio-Institute Biological Products (CNBG),BBIBP-CorV,REPORTING,KHM
2021-12-02,,2021-01-06,Beijing CNBG - BBIBP-CorV,Beijing Bio-Institute Biological Products (CNBG),BBIBP-CorV,REPORTING,MMR
,,,Beijing CNBG - BBIBP-CorV,Beijing Bio-Institute Biological Products (CNBG),BBIBP-CorV,REPORTING,OMN
,,,Beijing CNBG - BBIBP-CorV,Beijing Bio-Institute Biological Products (CNBG),BBIBP-CorV,REPORTING,ZWE
,,2021-02-02,Beijing CNBG - BBIBP-CorV,Beijing Bio-Institute Biological Products (CNBG),BBIBP-CorV,REPORTING,PSE
,,,Beijing CNBG - BBIBP-CorV,Beijing Bio-Institute Biological Products (CNBG),BBIBP-CorV,REPORTING,DJI
,,,Beijing CNBG - BBIBP-CorV,Beijing Bio-Institute Biological Products (CNBG),BBIBP-CorV,REPORTING,MYS
,,,Beijing CNBG - BBIBP-CorV,Beijing Bio-Institute Biological Products (CNBG),BBIBP-CorV,REPORTING,YEM
,,2021-05-05,Beijing CNBG - BBIBP-CorV,Beijing Bio-Institute Biological Products (CNBG),BBIBP-CorV,REPORTING,GEO
,,,Beijing CNBG - BBIBP-CorV,Beijing Bio-Institute Biological Products (CNBG),BBIBP-CorV,REPORTING,CPV
,,2021-05-05,Beijing CNBG - BBIBP-CorV,Beijing Bio-Institute Biological Products (CNBG),BBIBP-CorV,REPORTING,KAZ
,,,Beijing CNBG - BBIBP-CorV,Beijing Bio-Institute Biological Products (CNBG),BBIBP-CorV,REPORTING,TKM
,,,Beijing CNBG - BBIBP-CorV,Beijing Bio-Institute Biological Products (CNBG),BBIBP-CorV,REPORTING,LSO
,,,Zydus - ZyCov-D,Zydus Cadila,ZyCov-D,REPORTING,IND
,,,Biological E - Corbevax,Biological E,Corbevax,REPORTING,IND
,,,CIGB - CIGB-66,Center for Genetic Engineering and Biotechnology,CIGB-66,REPORTING,VNM
,,,CIGB - CIGB-66,Center for Genetic Engineering and Biotechnology,CIGB-66,REPORTING,VEN
,,,CIGB - CIGB-66,Center for Genetic Engineering and Biotechnology,CIGB-66,REPORTING,NIC
,,,CIGB - CIGB-66,Center for Genetic Engineering and Biotechnology,CIGB-66,REPORTING,CUB
,,,CIGB - CIGB-66,Center for Genetic Engineering and Biotechnology,CIGB-66,REPORTING,MEX
,,2021-03-02,AstraZeneca - Vaxzevria,AstraZeneca,Vaxzevria,REPORTING,FRA
,,,AstraZeneca - Vaxzevria,AstraZeneca,Vaxzevria,REPORTING,FIN
,,,AstraZeneca - Vaxzevria,AstraZeneca,Vaxzevria,REPORTING,STP
,,2021-10-02,AstraZeneca - Vaxzevria,AstraZeneca,Vaxzevria,REPORTING,SWE
,,2021-10-02,AstraZeneca - Vaxzevria,AstraZeneca,Vaxzevria,REPORTING,ESP
,,,AstraZeneca - Vaxzevria,AstraZeneca,Vaxzevria,REPORTING,ARM
,,2021-04-08,AstraZeneca - Vaxzevria,AstraZeneca,Vaxzevria,REPORTING,LAO
2021-10-05,,2021-02-06,AstraZeneca - Vaxzevria,AstraZeneca,Vaxzevria,REPORTING,VUT
2021-03-02,,2021-01-04,AstraZeneca - Vaxzevria,AstraZeneca,Vaxzevria,REPORTING,SYR
2021-10-05,,,AstraZeneca - Vaxzevria,AstraZeneca,Vaxzevria,REPORTING,SUR
,,,AstraZeneca - Vaxzevria,AstraZeneca,Vaxzevria,REPORTING,LBN
,,2021-07-03,AstraZeneca - Vaxzevria,AstraZeneca,Vaxzevria,REPORTING,FJI
,,2021-07-03,AstraZeneca - Vaxzevria,AstraZeneca,Vaxzevria,REPORTING,PHL
,,2021-08-04,AstraZeneca - Vaxzevria,AstraZeneca,Vaxzevria,REPORTING,BRB
,,,AstraZeneca - Vaxzevria,AstraZeneca,Vaxzevria,REPORTING,SXM
,,,AstraZeneca - Vaxzevria,AstraZeneca,Vaxzevria,REPORTING,BTN
,,,AstraZeneca - Vaxzevria,AstraZeneca,Vaxzevria,REPORTING,ISR
,,,AstraZeneca - Vaxzevria,AstraZeneca,Vaxzevria,REPORTING,COL
,,2021-10-02,AstraZeneca - Vaxzevria,AstraZeneca,Vaxzevria,REPORTING,LTU
,,,AstraZeneca - Vaxzevria,AstraZeneca,Vaxzevria,REPORTING,MTQ
,,,AstraZeneca - Vaxzevria,AstraZeneca,Vaxzevria,REPORTING,MDV
,,,AstraZeneca - Vaxzevria,AstraZeneca,Vaxzevria,REPORTING,JOR
,,2021-09-02,AstraZeneca - Vaxzevria,AstraZeneca,Vaxzevria,REPORTING,IRN
,,,AstraZeneca - Vaxzevria,AstraZeneca,Vaxzevria,REPORTING,XKX
,,,AstraZeneca - Vaxzevria,AstraZeneca,Vaxzevria,REPORTING,SLV
,,,AstraZeneca - Vaxzevria,AstraZeneca,Vaxzevria,REPORTING,DOM
2021-09-07,,,AstraZeneca - Vaxzevria,AstraZeneca,Vaxzevria,REPORTING,LKA
,,,AstraZeneca - Vaxzevria,AstraZeneca,Vaxzevria,REPORTING,PRY
,,2021-03-02,AstraZeneca - Vaxzevria,AstraZeneca,Vaxzevria,REPORTING,NLD
,,,AstraZeneca - Vaxzevria,AstraZeneca,Vaxzevria,REPORTING,NIC
2021-12-03,,,AstraZeneca - Vaxzevria,AstraZeneca,Vaxzevria,REPORTING,KIR
,,,AstraZeneca - Vaxzevria,AstraZeneca,Vaxzevria,REPORTING,PNG
,,2021-07-04,AstraZeneca - Vaxzevria,AstraZeneca,Vaxzevria,REPORTING,BLZ
,,,AstraZeneca - Vaxzevria,AstraZeneca,Vaxzevria,REPORTING,MNE
,,,AstraZeneca - Vaxzevria,AstraZeneca,Vaxzevria,REPORTING,BGD
,,,AstraZeneca - Vaxzevria,AstraZeneca,Vaxzevria,REPORTING,WSM
,,,AstraZeneca - Vaxzevria,AstraZeneca,Vaxzevria,REPORTING,SRB
2021-10-01,,,AstraZeneca - Vaxzevria,AstraZeneca,Vaxzevria,REPORTING,MNG
,,2021-10-02,AstraZeneca - Vaxzevria,AstraZeneca,Vaxzevria,REPORTING,ISL
,,,AstraZeneca - Vaxzevria,AstraZeneca,Vaxzevria,REPORTING,TON
,,2021-09-03,AstraZeneca - Vaxzevria,AstraZeneca,Vaxzevria,REPORTING,SDN
,,,AstraZeneca - Vaxzevria,AstraZeneca,Vaxzevria,REPORTING,NZL
,,,AstraZeneca - Vaxzevria,AstraZeneca,Vaxzevria,REPORTING,KWT
2021-11-02,,,AstraZeneca - Vaxzevria,AstraZeneca,Vaxzevria,REPORTING,URY
,,2021-10-02,AstraZeneca - Vaxzevria,AstraZeneca,Vaxzevria,REPORTING,SVN
2020-10-12,,2021-06-01,AstraZeneca - Vaxzevria,AstraZeneca,Vaxzevria,REPORTING,SAU
,,2021-11-02,AstraZeneca - Vaxzevria,AstraZeneca,Vaxzevria,REPORTING,VGB
,,2021-03-02,AstraZeneca - Vaxzevria,AstraZeneca,Vaxzevria,REPORTING,CZE
,,,AstraZeneca - Vaxzevria,AstraZeneca,Vaxzevria,REPORTING,BHS
,,2021-10-02,AstraZeneca - Vaxzevria,AstraZeneca,Vaxzevria,REPORTING,CYP
,,,AstraZeneca - Vaxzevria,AstraZeneca,Vaxzevria,REPORTING,NPL
,,,AstraZeneca - Vaxzevria,AstraZeneca,Vaxzevria,REPORTING,SLB
,,2021-03-02,AstraZeneca - Vaxzevria,AstraZeneca,Vaxzevria,REPORTING,PAK
,,,AstraZeneca - Vaxzevria,AstraZeneca,Vaxzevria,REPORTING,LCA
,,,AstraZeneca - Vaxzevria,AstraZeneca,Vaxzevria,REPORTING,JPN
,,,AstraZeneca - Vaxzevria,AstraZeneca,Vaxzevria,REPORTING,PRT
,,2021-10-03,AstraZeneca - Vaxzevria,AstraZeneca,Vaxzevria,REPORTING,ALB
,,2021-11-04,AstraZeneca - Vaxzevria,AstraZeneca,Vaxzevria,REPORTING,LBY
,,,AstraZeneca - Vaxzevria,AstraZeneca,Vaxzevria,REPORTING,VCT
,,,AstraZeneca - Vaxzevria,AstraZeneca,Vaxzevria,REPORTING,EST
,,,AstraZeneca - Vaxzevria,AstraZeneca,Vaxzevria,REPORTING,HND
2021-01-02,,2021-01-03,AstraZeneca - Vaxzevria,AstraZeneca,Vaxzevria,REPORTING,ATG
,,2021-10-02,AstraZeneca - Vaxzevria,AstraZeneca,Vaxzevria,REPORTING,BEL
,,,AstraZeneca - Vaxzevria,AstraZeneca,Vaxzevria,REPORTING,ARG
2021-11-03,,,AstraZeneca - Vaxzevria,AstraZeneca,Vaxzevria,REPORTING,GTM
,,,AstraZeneca - Vaxzevria,AstraZeneca,Vaxzevria,REPORTING,MLT
,,,AstraZeneca - Vaxzevria,AstraZeneca,Vaxzevria,REPORTING,QAT
,,2021-07-05,AstraZeneca - Vaxzevria,AstraZeneca,Vaxzevria,REPORTING,BMU
,,,AstraZeneca - Vaxzevria,AstraZeneca,Vaxzevria,REPORTING,BOL
,,2021-10-02,AstraZeneca - Vaxzevria,AstraZeneca,Vaxzevria,REPORTING,AUT
,,,AstraZeneca - Vaxzevria,AstraZeneca,Vaxzevria,REPORTING,CAN
,,,AstraZeneca - Vaxzevria,AstraZeneca,Vaxzevria,REPORTING,MKD
,,,AstraZeneca - Vaxzevria,AstraZeneca,Vaxzevria,REPORTING,BRA
,,,AstraZeneca - Vaxzevria,AstraZeneca,Vaxzevria,REPORTING,MCO
,,,AstraZeneca - Vaxzevria,AstraZeneca,Vaxzevria,REPORTING,SOM
2021-12-04,,,AstraZeneca - Vaxzevria,AstraZeneca,Vaxzevria,REPORTING,PER
,,2021-03-02,AstraZeneca - Vaxzevria,AstraZeneca,Vaxzevria,REPORTING,BGR
,,,AstraZeneca - Vaxzevria,AstraZeneca,Vaxzevria,REPORTING,ARE
,,,AstraZeneca - Vaxzevria,AstraZeneca,Vaxzevria,REPORTING,LVA
,,,AstraZeneca - Vaxzevria,AstraZeneca,Vaxzevria,REPORTING,GRC
,,,AstraZeneca - Vaxzevria,AstraZeneca,Vaxzevria,REPORTING,GUY
,,,AstraZeneca - Vaxzevria,AstraZeneca,Vaxzevria,REPORTING,ITA
,,,AstraZeneca - Vaxzevria,AstraZeneca,Vaxzevria,REPORTING,SGP
,,,AstraZeneca - Vaxzevria,AstraZeneca,Vaxzevria,REPORTING,HRV
,,,AstraZeneca - Vaxzevria,AstraZeneca,Vaxzevria,REPORTING,GLP
2021-02-03,,2021-09-04,AstraZeneca - Vaxzevria,AstraZeneca,Vaxzevria,REPORTING,NRU
,,2021-03-03,AstraZeneca - Vaxzevria,AstraZeneca,Vaxzevria,REPORTING,MDA
,,,AstraZeneca - Vaxzevria,AstraZeneca,Vaxzevria,REPORTING,AFG
,,,AstraZeneca - Vaxzevria,AstraZeneca,Vaxzevria,REPORTING,CHL
,,,AstraZeneca - Vaxzevria,AstraZeneca,Vaxzevria,REPORTING,AUS
,,2021-02-03,AstraZeneca - Vaxzevria,AstraZeneca,Vaxzevria,REPORTING,IRQ
2020-03-11,,2020-04-11,AstraZeneca - Vaxzevria,AstraZeneca,Vaxzevria,REPORTING,BHR
,,,AstraZeneca - Vaxzevria,AstraZeneca,Vaxzevria,REPORTING,TUV
,,2021-08-02,AstraZeneca - Vaxzevria,AstraZeneca,Vaxzevria,REPORTING,GBR
2021-11-01,,,AstraZeneca - Vaxzevria,AstraZeneca,Vaxzevria,REPORTING,TUN
2020-01-12,,2021-05-02,AstraZeneca - Vaxzevria,AstraZeneca,Vaxzevria,REPORTING,AIA
,,2021-03-04,AstraZeneca - Vaxzevria,AstraZeneca,Vaxzevria,REPORTING,BRN
,,2021-07-04,AstraZeneca - Vaxzevria,AstraZeneca,Vaxzevria,REPORTING,TTO
2021-06-01,,,AstraZeneca - Vaxzevria,AstraZeneca,Vaxzevria,REPORTING,MAR
,,,AstraZeneca - Vaxzevria,AstraZeneca,Vaxzevria,REPORTING,ECU
,,,AstraZeneca - Vaxzevria,AstraZeneca,Vaxzevria,REPORTING,KGZ
,,2021-10-02,AstraZeneca - Vaxzevria,AstraZeneca,Vaxzevria,REPORTING,HUN
,,,AstraZeneca - Vaxzevria,AstraZeneca,Vaxzevria,REPORTING,DNK
,,2021-03-03,AstraZeneca - Vaxzevria,AstraZeneca,Vaxzevria,REPORTING,AND
,,2021-07-04,AstraZeneca - Vaxzevria,AstraZeneca,Vaxzevria,REPORTING,DMA
,,,AstraZeneca - Vaxzevria,AstraZeneca,Vaxzevria,REPORTING,IDN
,,,AstraZeneca - Vaxzevria,AstraZeneca,Vaxzevria,REPORTING,TJK
,,,AstraZeneca - Vaxzevria,AstraZeneca,Vaxzevria,REPORTING,KHM
,,,AstraZeneca - Vaxzevria,AstraZeneca,Vaxzevria,REPORTING,THA
,,,AstraZeneca - Vaxzevria,AstraZeneca,Vaxzevria,REPORTING,EGY
,,,AstraZeneca - Vaxzevria,AstraZeneca,Vaxzevria,REPORTING,UKR
2021-04-01,,,AstraZeneca - Vaxzevria,AstraZeneca,Vaxzevria,REPORTING,MEX
,,2021-10-03,AstraZeneca - Vaxzevria,AstraZeneca,Vaxzevria,REPORTING,JAM
,,,AstraZeneca - Vaxzevria,AstraZeneca,Vaxzevria,REPORTING,ROU
,,,AstraZeneca - Vaxzevria,AstraZeneca,Vaxzevria,REPORTING,FSM
2021-12-02,,,AstraZeneca - Vaxzevria,AstraZeneca,Vaxzevria,REPORTING,GRD
,,,AstraZeneca - Vaxzevria,AstraZeneca,Vaxzevria,REPORTING,KNA
,,2021-05-05,AstraZeneca - Vaxzevria,AstraZeneca,Vaxzevria,REPORTING,AZE
,,,AstraZeneca - Vaxzevria,AstraZeneca,Vaxzevria,REPORTING,SVK
2021-09-02,,,AstraZeneca - Vaxzevria,AstraZeneca,Vaxzevria,REPORTING,KOR
,,2021-06-01,AstraZeneca - Vaxzevria,AstraZeneca,Vaxzevria,REPORTING,POL
,,,AstraZeneca - Vaxzevria,AstraZeneca,Vaxzevria,REPORTING,BEN
,,2021-07-04,AstraZeneca - Vaxzevria,AstraZeneca,Vaxzevria,REPORTING,TLS
,,2021-02-02,AstraZeneca - Vaxzevria,AstraZeneca,Vaxzevria,REPORTING,PSE
,,,AstraZeneca - Vaxzevria,AstraZeneca,Vaxzevria,REPORTING,DJI
,,2021-05-05,AstraZeneca - Vaxzevria,AstraZeneca,Vaxzevria,REPORTING,MYS
,,2021-10-02,AstraZeneca - Vaxzevria,AstraZeneca,Vaxzevria,REPORTING,LUX
,,2021-06-01,AstraZeneca - Vaxzevria,AstraZeneca,Vaxzevria,REPORTING,NOR
,,,AstraZeneca - Vaxzevria,AstraZeneca,Vaxzevria,REPORTING,TKM
,,,AstraZeneca - Vaxzevria,AstraZeneca,Vaxzevria,REPORTING,CUW
,,,AstraZeneca - Vaxzevria,AstraZeneca,Vaxzevria,REPORTING,PCN
,,2021-08-02,AstraZeneca - Vaxzevria,AstraZeneca,Vaxzevria,REPORTING,MSR
,,,AstraZeneca - Vaxzevria,AstraZeneca,Vaxzevria,REPORTING,IRL
,,,AstraZeneca - Vaxzevria,AstraZeneca,Vaxzevria,REPORTING,OMN
,,2021-10-02,AstraZeneca - Vaxzevria,AstraZeneca,Vaxzevria,REPORTING,DEU
2021-01-02,,2021-08-03,AstraZeneca - Vaxzevria,AstraZeneca,Vaxzevria,REPORTING,VNM
,,,AstraZeneca - Vaxzevria,AstraZeneca,Vaxzevria,REPORTING,YEM
,,,AstraZeneca - Vaxzevria,AstraZeneca,Vaxzevria,REPORTING,GEO
,,,AstraZeneca - Vaxzevria,AstraZeneca,Vaxzevria,REPORTING,CRI
2021-02-03,,,AstraZeneca - Vaxzevria,AstraZeneca,Vaxzevria,REPORTING,PAN
,,,CanSino - Convidecia,CanSino Biologicals,Convidecia,REPORTING,YEM
,,,CanSino - Convidecia,CanSino Biologicals,Convidecia,REPORTING,OMN
,,,CanSino - Convidecia,CanSino Biologicals,Convidecia,REPORTING,PSE
,,,CanSino - Convidecia,CanSino Biologicals,Convidecia,REPORTING,DJI
,,,CanSino - Convidecia,CanSino Biologicals,Convidecia,REPORTING,MYS
2021-08-02,,2021-01-01,CanSino - Convidecia,CanSino Biologicals,Convidecia,REPORTING,MEX
,,,CanSino - Convidecia,CanSino Biologicals,Convidecia,REPORTING,JOR
,,,CanSino - Convidecia,CanSino Biologicals,Convidecia,REPORTING,IRN
,,,CanSino - Convidecia,CanSino Biologicals,Convidecia,REPORTING,SYR
,,,CanSino - Convidecia,CanSino Biologicals,Convidecia,REPORTING,LBN
,,,CanSino - Convidecia,CanSino Biologicals,Convidecia,REPORTING,QAT
,,,CanSino - Convidecia,CanSino Biologicals,Convidecia,REPORTING,LBY
,,2021-03-02,CanSino - Convidecia,CanSino Biologicals,Convidecia,REPORTING,PAK
,,,CanSino - Convidecia,CanSino Biologicals,Convidecia,REPORTING,SAU
,,,CanSino - Convidecia,CanSino Biologicals,Convidecia,REPORTING,SDN
,,,CanSino - Convidecia,CanSino Biologicals,Convidecia,REPORTING,KWT
,,,CanSino - Convidecia,CanSino Biologicals,Convidecia,REPORTING,IRQ
,,,CanSino - Convidecia,CanSino Biologicals,Convidecia,REPORTING,BHR
,,,CanSino - Convidecia,CanSino Biologicals,Convidecia,REPORTING,SOM
,,,CanSino - Convidecia,CanSino Biologicals,Convidecia,REPORTING,ARE
,,,CanSino - Convidecia,CanSino Biologicals,Convidecia,REPORTING,CHN
,,2021-08-09,CanSino - Convidecia,CanSino Biologicals,Convidecia,REPORTING,ARG
,,,CanSino - Convidecia,CanSino Biologicals,Convidecia,REPORTING,EGY
,,,CanSino - Convidecia,CanSino Biologicals,Convidecia,REPORTING,MAR
,,2021-02-08,CanSino - Convidecia,CanSino Biologicals,Convidecia,REPORTING,ECU
,,,CanSino - Convidecia,CanSino Biologicals,Convidecia,REPORTING,TUN
,,,CanSino - Convidecia,CanSino Biologicals,Convidecia,REPORTING,AFG
2021-07-04,,2021-03-06,CanSino - Convidecia,CanSino Biologicals,Convidecia,REPORTING,CHL
,,2022-12-01,Chumakov - Covi-Vac,Chumakov,Covi-Vac,REPORTING,BLR
,,2022-09-03,Wuhan CNBG - Inactivated,Wuhan Institute of Biological Products (CNBG),Inactivated SARS-CoV-2 vaccine,REPORTING,ARM
,,,Wuhan CNBG - Inactivated,Wuhan Institute of Biological Products (CNBG),Inactivated SARS-CoV-2 vaccine,REPORTING,MKD
,,,Wuhan CNBG - Inactivated,Wuhan Institute of Biological Products (CNBG),Inactivated SARS-CoV-2 vaccine,REPORTING,CHN
,,,Pfizer BioNTech - Comirnaty,Pfizer BioNTech,Comirnaty,REPORTING,FRA
,,,Pfizer BioNTech - Comirnaty,Pfizer BioNTech,Comirnaty,REPORTING,FIN
,,,Pfizer BioNTech - Comirnaty,Pfizer BioNTech,Comirnaty,REPORTING,SWE
,,,Pfizer BioNTech - Comirnaty,Pfizer BioNTech,Comirnaty,REPORTING,ESP
,,,Pfizer BioNTech - Comirnaty,Pfizer BioNTech,Comirnaty,REPORTING,GUF
2020-11-12,,,Pfizer BioNTech - Comirnaty,Pfizer BioNTech,Comirnaty,REPORTING,PRI
,,,Pfizer BioNTech - Comirnaty,Pfizer BioNTech,Comirnaty,REPORTING,LBN
,,2021-12-05,Pfizer BioNTech - Comirnaty,Pfizer BioNTech,Comirnaty,REPORTING,PHL
,,,Pfizer BioNTech - Comirnaty,Pfizer BioNTech,Comirnaty,REPORTING,BRB
,,,Pfizer BioNTech - Comirnaty,Pfizer BioNTech,Comirnaty,REPORTING,ABW
2021-07-05,,,Pfizer BioNTech - Comirnaty,Pfizer BioNTech,Comirnaty,REPORTING,LAO
,,,Pfizer BioNTech - Comirnaty,Pfizer BioNTech,Comirnaty,REPORTING,LTU
,,,Pfizer BioNTech - Comirnaty,Pfizer BioNTech,Comirnaty,REPORTING,MTQ
2021-03-02,,2021-01-04,Pfizer BioNTech - Comirnaty,Pfizer BioNTech,Comirnaty,REPORTING,SYR
,,,Pfizer BioNTech - Comirnaty,Pfizer BioNTech,Comirnaty,REPORTING,SUR
,,,Pfizer BioNTech - Comirnaty,Pfizer BioNTech,Comirnaty,REPORTING,CIV
,,2021-06-01,Pfizer BioNTech - Comirnaty,Pfizer BioNTech,Comirnaty,REPORTING,LIE
,,2021-05-03,Pfizer BioNTech - Comirnaty,Pfizer BioNTech,Comirnaty,REPORTING,GIN
,,,Pfizer BioNTech - Comirnaty,Pfizer BioNTech,Comirnaty,REPORTING,DOM
,,,Pfizer BioNTech - Comirnaty,Pfizer BioNTech,Comirnaty,REPORTING,SXM
2021-08-03,,,Pfizer BioNTech - Comirnaty,Pfizer BioNTech,Comirnaty,REPORTING,BTN
,,,Pfizer BioNTech - Comirnaty,Pfizer BioNTech,Comirnaty,REPORTING,ISR
2021-05-01,,,Pfizer BioNTech - Comirnaty,Pfizer BioNTech,Comirnaty,REPORTING,COL
,,,Pfizer BioNTech - Comirnaty,Pfizer BioNTech,Comirnaty,REPORTING,MDV
,,,Pfizer BioNTech - Comirnaty,Pfizer BioNTech,Comirnaty,REPORTING,JOR
,,,Pfizer BioNTech - Comirnaty,Pfizer BioNTech,Comirnaty,REPORTING,IRN
,,2021-05-05,Pfizer BioNTech - Comirnaty,Pfizer BioNTech,Comirnaty,REPORTING,XKX
,,,Pfizer BioNTech - Comirnaty,Pfizer BioNTech,Comirnaty,REPORTING,SLV
,,,Pfizer BioNTech - Comirnaty,Pfizer BioNTech,Comirnaty,REPORTING,BES
2021-10-01,,,Pfizer BioNTech - Comirnaty,Pfizer BioNTech,Comirnaty,REPORTING,MNG
,,,Pfizer BioNTech - Comirnaty,Pfizer BioNTech,Comirnaty,REPORTING,CMR
2021-08-05,,2021-07-07,Pfizer BioNTech - Comirnaty,Pfizer BioNTech,Comirnaty,REPORTING,LKA
,,2021-12-07,Pfizer BioNTech - Comirnaty,Pfizer BioNTech,Comirnaty,REPORTING,PRY
,,,Pfizer BioNTech - Comirnaty,Pfizer BioNTech,Comirnaty,REPORTING,NLD
,,,Pfizer BioNTech - Comirnaty,Pfizer BioNTech,Comirnaty,REPORTING,NIC
,,2021-05-05,Pfizer BioNTech - Comirnaty,Pfizer BioNTech,Comirnaty,REPORTING,MNE
2021-08-03,,,Pfizer BioNTech - Comirnaty,Pfizer BioNTech,Comirnaty,REPORTING,BGD
,,,Pfizer BioNTech - Comirnaty,Pfizer BioNTech,Comirnaty,REPORTING,WSM
,,,Pfizer BioNTech - Comirnaty,Pfizer BioNTech,Comirnaty,REPORTING,SRB
,,,Pfizer BioNTech - Comirnaty,Pfizer BioNTech,Comirnaty,REPORTING,UZB
2020-11-12,,,Pfizer BioNTech - Comirnaty,Pfizer BioNTech,Comirnaty,REPORTING,ASM
,,,Pfizer BioNTech - Comirnaty,Pfizer BioNTech,Comirnaty,REPORTING,TON
,,,Pfizer BioNTech - Comirnaty,Pfizer BioNTech,Comirnaty,REPORTING,SDN
2021-03-02,,,Pfizer BioNTech - Comirnaty,Pfizer BioNTech,Comirnaty,REPORTING,NZL
,,,Pfizer BioNTech - Comirnaty,Pfizer BioNTech,Comirnaty,REPORTING,KWT
,,2021-12-03,Pfizer BioNTech - Comirnaty,Pfizer BioNTech,Comirnaty,REPORTING,URY
,,,Pfizer BioNTech - Comirnaty,Pfizer BioNTech,Comirnaty,REPORTING,BLZ
,,,Pfizer BioNTech - Comirnaty,Pfizer BioNTech,Comirnaty,REPORTING,CZE
,,2021-05-03,Pfizer BioNTech - Comirnaty,Pfizer BioNTech,Comirnaty,REPORTING,RWA
,,2021-12-08,Pfizer BioNTech - Comirnaty,Pfizer BioNTech,Comirnaty,REPORTING,BHS
,,,Pfizer BioNTech - Comirnaty,Pfizer BioNTech,Comirnaty,REPORTING,CYP
,,,Pfizer BioNTech - Comirnaty,Pfizer BioNTech,Comirnaty,REPORTING,ISL
,,,Pfizer BioNTech - Comirnaty,Pfizer BioNTech,Comirnaty,REPORTING,CHE
,,,Pfizer BioNTech - Comirnaty,Pfizer BioNTech,Comirnaty,REPORTING,LCA
,,,Pfizer BioNTech - Comirnaty,Pfizer BioNTech,Comirnaty,REPORTING,JPN
,,,Pfizer BioNTech - Comirnaty,Pfizer BioNTech,Comirnaty,REPORTING,PRT
,,,Pfizer BioNTech - Comirnaty,Pfizer BioNTech,Comirnaty,REPORTING,SVN
2020-10-12,,2021-06-01,Pfizer BioNTech - Comirnaty,Pfizer BioNTech,Comirnaty,REPORTING,SAU
,,,Pfizer BioNTech - Comirnaty,Pfizer BioNTech,Comirnaty,REPORTING,VGB
,,,Pfizer BioNTech - Comirnaty,Pfizer BioNTech,Comirnaty,REPORTING,KEN
,,,Pfizer BioNTech - Comirnaty,Pfizer BioNTech,Comirnaty,REPORTING,HND
2021-12-08,,,Pfizer BioNTech - Comirnaty,Pfizer BioNTech,Comirnaty,REPORTING,ATG
,,,Pfizer BioNTech - Comirnaty,Pfizer BioNTech,Comirnaty,REPORTING,NPL
,,,Pfizer BioNTech - Comirnaty,Pfizer BioNTech,Comirnaty,REPORTING,SLB
,,2021-03-02,Pfizer BioNTech - Comirnaty,Pfizer BioNTech,Comirnaty,REPORTING,PAK
2020-02-12,,2021-11-01,Pfizer BioNTech - Comirnaty,Pfizer BioNTech,Comirnaty,REPORTING,BMU
,,,Pfizer BioNTech - Comirnaty,Pfizer BioNTech,Comirnaty,REPORTING,ALB
,,2021-11-04,Pfizer BioNTech - Comirnaty,Pfizer BioNTech,Comirnaty,REPORTING,LBY
,,,Pfizer BioNTech - Comirnaty,Pfizer BioNTech,Comirnaty,REPORTING,VCT
,,,Pfizer BioNTech - Comirnaty,Pfizer BioNTech,Comirnaty,REPORTING,EST
2020-11-12,,,Pfizer BioNTech - Comirnaty,Pfizer BioNTech,Comirnaty,REPORTING,MNP
,,,Pfizer BioNTech - Comirnaty,Pfizer BioNTech,Comirnaty,REPORTING,ARG
,,,Pfizer BioNTech - Comirnaty,Pfizer BioNTech,Comirnaty,REPORTING,GTM
,,2021-11-01,Pfizer BioNTech - Comirnaty,Pfizer BioNTech,Comirnaty,REPORTING,TCA
2021-03-02,,,Pfizer BioNTech - Comirnaty,Pfizer BioNTech,Comirnaty,REPORTING,COK
,,,Pfizer BioNTech - Comirnaty,Pfizer BioNTech,Comirnaty,REPORTING,MLT
,,,Pfizer BioNTech - Comirnaty,Pfizer BioNTech,Comirnaty,REPORTING,QAT
,,,Pfizer BioNTech - Comirnaty,Pfizer BioNTech,Comirnaty,REPORTING,MKD
,,2021-03-05,Pfizer BioNTech - Comirnaty,Pfizer BioNTech,Comirnaty,REPORTING,BRA
,,,Pfizer BioNTech - Comirnaty,Pfizer BioNTech,Comirnaty,REPORTING,PYF
,,,Pfizer BioNTech - Comirnaty,Pfizer BioNTech,Comirnaty,REPORTING,MCO
,,2021-06-03,Pfizer BioNTech - Comirnaty,Pfizer BioNTech,Comirnaty,REPORTING,CHN
,,,Pfizer BioNTech - Comirnaty,Pfizer BioNTech,Comirnaty,REPORTING,BEL
,,,Pfizer BioNTech - Comirnaty,Pfizer BioNTech,Comirnaty,REPORTING,LVA
,,,Pfizer BioNTech - Comirnaty,Pfizer BioNTech,Comirnaty,REPORTING,GRC
,,,Pfizer BioNTech - Comirnaty,Pfizer BioNTech,Comirnaty,REPORTING,BOL
2020-11-12,,2021-04-01,Pfizer BioNTech - Comirnaty,Pfizer BioNTech,Comirnaty,REPORTING,GUM
,,,Pfizer BioNTech - Comirnaty,Pfizer BioNTech,Comirnaty,REPORTING,AUT
2020-09-12,,,Pfizer BioNTech - Comirnaty,Pfizer BioNTech,Comirnaty,REPORTING,CAN
2021-01-02,,2021-08-03,Pfizer BioNTech - Comirnaty,Pfizer BioNTech,Comirnaty,REPORTING,PER
2021-03-02,,,Pfizer BioNTech - Comirnaty,Pfizer BioNTech,Comirnaty,REPORTING,TKL
,,,Pfizer BioNTech - Comirnaty,Pfizer BioNTech,Comirnaty,REPORTING,BGR
,,,Pfizer BioNTech - Comirnaty,Pfizer BioNTech,Comirnaty,REPORTING,ARE
,,2021-08-06,Pfizer BioNTech - Comirnaty,Pfizer BioNTech,Comirnaty,REPORTING,NIU
2021-09-07,,,Pfizer BioNTech - Comirnaty,Pfizer BioNTech,Comirnaty,REPORTING,NAM
,,,Pfizer BioNTech - Comirnaty,Pfizer BioNTech,Comirnaty,REPORTING,SGP
,,,Pfizer BioNTech - Comirnaty,Pfizer BioNTech,Comirnaty,REPORTING,HRV
2020-11-12,,,Pfizer BioNTech - Comirnaty,Pfizer BioNTech,Comirnaty,REPORTING,PLW
,,2021-08-01,Pfizer BioNTech - Comirnaty,Pfizer BioNTech,Comirnaty,REPORTING,GLP
2020-02-12,,,Pfizer BioNTech - Comirnaty,Pfizer BioNTech,Comirnaty,REPORTING,CYM
,,,Pfizer BioNTech - Comirnaty,Pfizer BioNTech,Comirnaty,REPORTING,SOM
,,,Pfizer BioNTech - Comirnaty,Pfizer BioNTech,Comirnaty,REPORTING,AUS
,,2021-02-03,Pfizer BioNTech - Comirnaty,Pfizer BioNTech,Comirnaty,REPORTING,IRQ
2020-03-11,,2020-04-11,Pfizer BioNTech - Comirnaty,Pfizer BioNTech,Comirnaty,REPORTING,BHR
,,,Pfizer BioNTech - Comirnaty,Pfizer BioNTech,Comirnaty,REPORTING,GUY
,,,Pfizer BioNTech - Comirnaty,Pfizer BioNTech,Comirnaty,REPORTING,BWA
,,,Pfizer BioNTech - Comirnaty,Pfizer BioNTech,Comirnaty,REPORTING,ITA
,,,Pfizer BioNTech - Comirnaty,Pfizer BioNTech,Comirnaty,REPORTING,BRN
,,2021-12-10,Pfizer BioNTech - Comirnaty,Pfizer BioNTech,Comirnaty,REPORTING,TTO
,,,Pfizer BioNTech - Comirnaty,Pfizer BioNTech,Comirnaty,REPORTING,MDA
,,,Pfizer BioNTech - Comirnaty,Pfizer BioNTech,Comirnaty,REPORTING,SWZ
,,,Pfizer BioNTech - Comirnaty,Pfizer BioNTech,Comirnaty,REPORTING,AFG
,,,Pfizer BioNTech - Comirnaty,Pfizer BioNTech,Comirnaty,REPORTING,CHL
,,,Pfizer BioNTech - Comirnaty,Pfizer BioNTech,Comirnaty,REPORTING,DNK
,,,Pfizer BioNTech - Comirnaty,Pfizer BioNTech,Comirnaty,REPORTING,AND
,,,Pfizer BioNTech - Comirnaty,Pfizer BioNTech,Comirnaty,REPORTING,GBR
2021-11-01,,,Pfizer BioNTech - Comirnaty,Pfizer BioNTech,Comirnaty,REPORTING,TUN
,,,Pfizer BioNTech - Comirnaty,Pfizer BioNTech,Comirnaty,REPORTING,UGA
,,2021-06-09,Pfizer BioNTech - Comirnaty,Pfizer BioNTech,Comirnaty,REPORTING,AIA
,,,Pfizer BioNTech - Comirnaty,Pfizer BioNTech,Comirnaty,REPORTING,GAB
2021-06-01,,,Pfizer BioNTech - Comirnaty,Pfizer BioNTech,Comirnaty,REPORTING,MAR
,,,Pfizer BioNTech - Comirnaty,Pfizer BioNTech,Comirnaty,REPORTING,TZA
,,,Pfizer BioNTech - Comirnaty,Pfizer BioNTech,Comirnaty,REPORTING,ECU
,,2021-03-11,Pfizer BioNTech - Comirnaty,Pfizer BioNTech,Comirnaty,REPORTING,KGZ
,,,Pfizer BioNTech - Comirnaty,Pfizer BioNTech,Comirnaty,REPORTING,HUN
,,,Pfizer BioNTech - Comirnaty,Pfizer BioNTech,Comirnaty,REPORTING,DMA
,,,Pfizer BioNTech - Comirnaty,Pfizer BioNTech,Comirnaty,REPORTING,IDN
,,2021-06-10,Pfizer BioNTech - Comirnaty,Pfizer BioNTech,Comirnaty,REPORTING,TJK
2021-02-08,,,Pfizer BioNTech - Comirnaty,Pfizer BioNTech,Comirnaty,REPORTING,KHM
,,2021-06-08,Pfizer BioNTech - Comirnaty,Pfizer BioNTech,Comirnaty,REPORTING,THA
,,,Pfizer BioNTech - Comirnaty,Pfizer BioNTech,Comirnaty,REPORTING,EGY
,,,Pfizer BioNTech - Comirnaty,Pfizer BioNTech,Comirnaty,REPORTING,UKR
2020-11-12,,,Pfizer BioNTech - Comirnaty,Pfizer BioNTech,Comirnaty,REPORTING,MEX
,,,Pfizer BioNTech - Comirnaty,Pfizer BioNTech,Comirnaty,REPORTING,JAM
,,,Pfizer BioNTech - Comirnaty,Pfizer BioNTech,Comirnaty,REPORTING,ROU
2020-11-12,,,Pfizer BioNTech - Comirnaty,Pfizer BioNTech,Comirnaty,REPORTING,FSM
,,,Pfizer BioNTech - Comirnaty,Pfizer BioNTech,Comirnaty,REPORTING,GRD
2020-11-12,,,Pfizer BioNTech - Comirnaty,Pfizer BioNTech,Comirnaty,REPORTING,USA
2021-04-03,,,Pfizer BioNTech - Comirnaty,Pfizer BioNTech,Comirnaty,REPORTING,KOR
,,,Pfizer BioNTech - Comirnaty,Pfizer BioNTech,Comirnaty,REPORTING,POL
,,,Pfizer BioNTech - Comirnaty,Pfizer BioNTech,Comirnaty,REPORTING,NCL
,,,Pfizer BioNTech - Comirnaty,Pfizer BioNTech,Comirnaty,REPORTING,BEN
,,,Pfizer BioNTech - Comirnaty,Pfizer BioNTech,Comirnaty,REPORTING,ZAF
,,,Pfizer BioNTech - Comirnaty,Pfizer BioNTech,Comirnaty,REPORTING,LUX
,,,Pfizer BioNTech - Comirnaty,Pfizer BioNTech,Comirnaty,REPORTING,NOR
2021-01-09,,2021-01-09,Pfizer BioNTech - Comirnaty,Pfizer BioNTech,Comirnaty,REPORTING,KNA
2020-11-12,,2021-01-10,Pfizer BioNTech - Comirnaty,Pfizer BioNTech,Comirnaty,REPORTING,MHL
,,2021-09-06,Pfizer BioNTech - Comirnaty,Pfizer BioNTech,Comirnaty,REPORTING,AZE
,,,Pfizer BioNTech - Comirnaty,Pfizer BioNTech,Comirnaty,REPORTING,SVK
,,,Pfizer BioNTech - Comirnaty,Pfizer BioNTech,Comirnaty,REPORTING,OMN
,,,Pfizer BioNTech - Comirnaty,Pfizer BioNTech,Comirnaty,REPORTING,TLS
,,2021-02-02,Pfizer BioNTech - Comirnaty,Pfizer BioNTech,Comirnaty,REPORTING,PSE
,,,Pfizer BioNTech - Comirnaty,Pfizer BioNTech,Comirnaty,REPORTING,DJI
2021-08-01,,,Pfizer BioNTech - Comirnaty,Pfizer BioNTech,Comirnaty,REPORTING,MYS
,,2021-03-03,Pfizer BioNTech - Comirnaty,Pfizer BioNTech,Comirnaty,REPORTING,SMR
,,,Pfizer BioNTech - Comirnaty,Pfizer BioNTech,Comirnaty,REPORTING,PAN
,,,Pfizer BioNTech - Comirnaty,Pfizer BioNTech,Comirnaty,REPORTING,CPV
,,2021-10-11,Pfizer BioNTech - Comirnaty,Pfizer BioNTech,Comirnaty,REPORTING,KAZ
,,,Pfizer BioNTech - Comirnaty,Pfizer BioNTech,Comirnaty,REPORTING,CUW
,,,Pfizer BioNTech - Comirnaty,Pfizer BioNTech,Comirnaty,REPORTING,MSR
,,,Pfizer BioNTech - Comirnaty,Pfizer BioNTech,Comirnaty,REPORTING,IRL
,,,Pfizer BioNTech - Comirnaty,Pfizer BioNTech,Comirnaty,REPORTING,ARM
,,,Pfizer BioNTech - Comirnaty,Pfizer BioNTech,Comirnaty,REPORTING,DEU
2021-12-06,,2021-01-07,Pfizer BioNTech - Comirnaty,Pfizer BioNTech,Comirnaty,REPORTING,VNM
,,,Pfizer BioNTech - Comirnaty,Pfizer BioNTech,Comirnaty,REPORTING,YEM
,,,Pfizer BioNTech - Comirnaty,Pfizer BioNTech,Comirnaty,REPORTING,GEO
,,,Pfizer BioNTech - Comirnaty,Pfizer BioNTech,Comirnaty,REPORTING,CRI
,,,Moderna - Spikevax,Moderna,Spikevax,REPORTING,FRA
,,,Moderna - Spikevax,Moderna,Spikevax,REPORTING,FIN
,,,Moderna - Spikevax,Moderna,Spikevax,REPORTING,SWE
,,,Moderna - Spikevax,Moderna,Spikevax,REPORTING,ESP
,,,Moderna - Spikevax,Moderna,Spikevax,REPORTING,GUF
,,,Moderna - Spikevax,Moderna,Spikevax,REPORTING,PRI
,,,Moderna - Spikevax,Moderna,Spikevax,REPORTING,LIE
,,,Moderna - Spikevax,Moderna,Spikevax,REPORTING,LBN
2021-01-09,,,Moderna - Spikevax,Moderna,Spikevax,REPORTING,FJI
2021-05-05,,2021-01-07,Moderna - Spikevax,Moderna,Spikevax,REPORTING,PHL
,,,Moderna - Spikevax,Moderna,Spikevax,REPORTING,BTN
,,2021-03-03,Moderna - Spikevax,Moderna,Spikevax,REPORTING,ISR
,,,Moderna - Spikevax,Moderna,Spikevax,REPORTING,COL
,,,Moderna - Spikevax,Moderna,Spikevax,REPORTING,LTU
,,,Moderna - Spikevax,Moderna,Spikevax,REPORTING,SYR
,,,Moderna - Spikevax,Moderna,Spikevax,REPORTING,SUR
2021-06-06,,,Moderna - Spikevax,Moderna,Spikevax,REPORTING,MDV
,,,Moderna - Spikevax,Moderna,Spikevax,REPORTING,JOR
,,,Moderna - Spikevax,Moderna,Spikevax,REPORTING,IRN
2021-03-06,,2021-02-08,Moderna - Spikevax,Moderna,Spikevax,REPORTING,SLV
,,,Moderna - Spikevax,Moderna,Spikevax,REPORTING,BES
,,,Moderna - Spikevax,Moderna,Spikevax,REPORTING,SXM
,,,Moderna - Spikevax,Moderna,Spikevax,REPORTING,ASM
2021-10-01,,,Moderna - Spikevax,Moderna,Spikevax,REPORTING,MNG
,,,Moderna - Spikevax,Moderna,Spikevax,REPORTING,LKA
,,2021-09-06,Moderna - Spikevax,Moderna,Spikevax,REPORTING,PRY
,,,Moderna - Spikevax,Moderna,Spikevax,REPORTING,NLD
,,2022-07-03,Moderna - Spikevax,Moderna,Spikevax,REPORTING,NIC
,,,Moderna - Spikevax,Moderna,Spikevax,REPORTING,SDN
,,,Moderna - Spikevax,Moderna,Spikevax,REPORTING,IND
,,,Moderna - Spikevax,Moderna,Spikevax,REPORTING,KWT
,,,Moderna - Spikevax,Moderna,Spikevax,REPORTING,BGD
,,2021-10-11,Moderna - Spikevax,Moderna,Spikevax,REPORTING,SRB
,,,Moderna - Spikevax,Moderna,Spikevax,REPORTING,UZB
2020-10-12,,2021-06-01,Moderna - Spikevax,Moderna,Spikevax,REPORTING,SAU
,,,Moderna - Spikevax,Moderna,Spikevax,REPORTING,CZE
,,,Moderna - Spikevax,Moderna,Spikevax,REPORTING,RWA
,,,Moderna - Spikevax,Moderna,Spikevax,REPORTING,CYP
,,,Moderna - Spikevax,Moderna,Spikevax,REPORTING,ISL
,,,Moderna - Spikevax,Moderna,Spikevax,REPORTING,CHE
,,,Moderna - Spikevax,Moderna,Spikevax,REPORTING,NPL
,,2021-03-02,Moderna - Spikevax,Moderna,Spikevax,REPORTING,PAK
,,,Moderna - Spikevax,Moderna,Spikevax,REPORTING,LCA
,,,Moderna - Spikevax,Moderna,Spikevax,REPORTING,JPN
,,,Moderna - Spikevax,Moderna,Spikevax,REPORTING,PRT
,,,Moderna - Spikevax,Moderna,Spikevax,REPORTING,SVN
,,,Moderna - Spikevax,Moderna,Spikevax,REPORTING,BMU
,,2021-11-04,Moderna - Spikevax,Moderna,Spikevax,REPORTING,LBY
,,,Moderna - Spikevax,Moderna,Spikevax,REPORTING,EST
,,2021-12-01,Moderna - Spikevax,Moderna,Spikevax,REPORTING,MNP
,,,Moderna - Spikevax,Moderna,Spikevax,REPORTING,KEN
,,,Moderna - Spikevax,Moderna,Spikevax,REPORTING,HND
,,2022-02-03,Moderna - Spikevax,Moderna,Spikevax,REPORTING,MCO
,,,Moderna - Spikevax,Moderna,Spikevax,REPORTING,BEL
,,2021-02-08,Moderna - Spikevax,Moderna,Spikevax,REPORTING,ARG
,,,Moderna - Spikevax,Moderna,Spikevax,REPORTING,GTM
,,,Moderna - Spikevax,Moderna,Spikevax,REPORTING,MLT
,,,Moderna - Spikevax,Moderna,Spikevax,REPORTING,QAT
,,,Moderna - Spikevax,Moderna,Spikevax,REPORTING,GRC
,,2022-10-01,Moderna - Spikevax,Moderna,Spikevax,REPORTING,BOL
,,,Moderna - Spikevax,Moderna,Spikevax,REPORTING,GUM
,,,Moderna - Spikevax,Moderna,Spikevax,REPORTING,AUT
,,,Moderna - Spikevax,Moderna,Spikevax,REPORTING,CAN
,,2022-10-08,Moderna - Spikevax,Moderna,Spikevax,REPORTING,MKD
,,,Moderna - Spikevax,Moderna,Spikevax,REPORTING,GLP
,,,Moderna - Spikevax,Moderna,Spikevax,REPORTING,SOM
,,,Moderna - Spikevax,Moderna,Spikevax,REPORTING,PER
,,,Moderna - Spikevax,Moderna,Spikevax,REPORTING,BGR
,,,Moderna - Spikevax,Moderna,Spikevax,REPORTING,ARE
,,,Moderna - Spikevax,Moderna,Spikevax,REPORTING,LVA
,,2021-03-07,Moderna - Spikevax,Moderna,Spikevax,REPORTING,GUY
,,,Moderna - Spikevax,Moderna,Spikevax,REPORTING,BWA
,,2021-06-01,Moderna - Spikevax,Moderna,Spikevax,REPORTING,ITA
2021-03-02,,,Moderna - Spikevax,Moderna,Spikevax,REPORTING,SGP
,,,Moderna - Spikevax,Moderna,Spikevax,REPORTING,HRV
,,2021-03-01,Moderna - Spikevax,Moderna,Spikevax,REPORTING,PLW
,,,Moderna - Spikevax,Moderna,Spikevax,REPORTING,AFG
,,,Moderna - Spikevax,Moderna,Spikevax,REPORTING,HTI
2022-02-02,,2022-02-02,Moderna - Spikevax,Moderna,Spikevax,REPORTING,CHL
2021-09-08,,,Moderna - Spikevax,Moderna,Spikevax,REPORTING,AUS
,,,Moderna - Spikevax,Moderna,Spikevax,REPORTING,IRQ
,,,Moderna - Spikevax,Moderna,Spikevax,REPORTING,BHR
,,,Moderna - Spikevax,Moderna,Spikevax,REPORTING,AND
,,2021-11-01,Moderna - Spikevax,Moderna,Spikevax,REPORTING,GBR
2021-11-01,,,Moderna - Spikevax,Moderna,Spikevax,REPORTING,TUN
,,,Moderna - Spikevax,Moderna,Spikevax,REPORTING,UGA
2021-09-04,,,Moderna - Spikevax,Moderna,Spikevax,REPORTING,BRN
,,2021-08-12,Moderna - Spikevax,Moderna,Spikevax,REPORTING,MDA
2021-03-03,,,Moderna - Spikevax,Moderna,Spikevax,REPORTING,COG
,,,Moderna - Spikevax,Moderna,Spikevax,REPORTING,EGY
,,,Moderna - Spikevax,Moderna,Spikevax,REPORTING,MAR
,,,Moderna - Spikevax,Moderna,Spikevax,REPORTING,KGZ
,,,Moderna - Spikevax,Moderna,Spikevax,REPORTING,HUN
,,,Moderna - Spikevax,Moderna,Spikevax,REPORTING,DNK
,,,Moderna - Spikevax,Moderna,Spikevax,REPORTING,GRD
,,2022-10-02,Moderna - Spikevax,Moderna,Spikevax,REPORTING,DMA
2021-01-07,,,Moderna - Spikevax,Moderna,Spikevax,REPORTING,IDN
,,,Moderna - Spikevax,Moderna,Spikevax,REPORTING,TJK
2021-02-08,,,Moderna - Spikevax,Moderna,Spikevax,REPORTING,KHM
,,2021-08-11,Moderna - Spikevax,Moderna,Spikevax,REPORTING,THA
,,2021-01-06,Moderna - Spikevax,Moderna,Spikevax,REPORTING,KOR
,,,Moderna - Spikevax,Moderna,Spikevax,REPORTING,POL
,,,Moderna - Spikevax,Moderna,Spikevax,REPORTING,UKR
,,,Moderna - Spikevax,Moderna,Spikevax,REPORTING,MEX
,,2021-03-02,Moderna - Spikevax,Moderna,Spikevax,REPORTING,ROU
,,,Moderna - Spikevax,Moderna,Spikevax,REPORTING,FSM
2021-05-08,,,Moderna - Spikevax,Moderna,Spikevax,REPORTING,MYS
,,,Moderna - Spikevax,Moderna,Spikevax,REPORTING,LUX
,,2021-06-01,Moderna - Spikevax,Moderna,Spikevax,REPORTING,NOR
,,,Moderna - Spikevax,Moderna,Spikevax,REPORTING,MHL
,,,Moderna - Spikevax,Moderna,Spikevax,REPORTING,SVK
,,,Moderna - Spikevax,Moderna,Spikevax,REPORTING,USA
,,,Moderna - Spikevax,Moderna,Spikevax,REPORTING,CPV
,,,Moderna - Spikevax,Moderna,Spikevax,REPORTING,CUW
,,,Moderna - Spikevax,Moderna,Spikevax,REPORTING,IRL
,,,Moderna - Spikevax,Moderna,Spikevax,REPORTING,OMN
,,2021-02-02,Moderna - Spikevax,Moderna,Spikevax,REPORTING,PSE
,,,Moderna - Spikevax,Moderna,Spikevax,REPORTING,DJI
,,,Moderna - Spikevax,Moderna,Spikevax,REPORTING,ARM
,,,Moderna - Spikevax,Moderna,Spikevax,REPORTING,DEU
,,2021-01-07,Moderna - Spikevax,Moderna,Spikevax,REPORTING,VNM
2021-06-01,,,Moderna - Spikevax,Moderna,Spikevax,REPORTING,WLF
,,,Moderna - Spikevax,Moderna,Spikevax,REPORTING,YEM
,,,Moderna - Spikevax,Moderna,Spikevax,REPORTING,CRI
,,,SRCVB - EpiVacCorona,State Research Center of Virology & Biotechnology,EpiVacCorona,REPORTING,TKM
2021-03-03,,,Bharat - Covaxin,Bharat Biotech,Covaxin,REPORTING,ETH
,,,Bharat - Covaxin,Bharat Biotech,Covaxin,REPORTING,YEM
,,,Bharat - Covaxin,Bharat Biotech,Covaxin,REPORTING,OMN
,,,Bharat - Covaxin,Bharat Biotech,Covaxin,REPORTING,ZWE
,,,Bharat - Covaxin,Bharat Biotech,Covaxin,REPORTING,PSE
,,,Bharat - Covaxin,Bharat Biotech,Covaxin,REPORTING,DJI
,,,Bharat - Covaxin,Bharat Biotech,Covaxin,REPORTING,SYR
,,,Bharat - Covaxin,Bharat Biotech,Covaxin,REPORTING,LBN
,,,Bharat - Covaxin,Bharat Biotech,Covaxin,REPORTING,PHL
,,,Bharat - Covaxin,Bharat Biotech,Covaxin,REPORTING,SDN
2021-03-01,,,Bharat - Covaxin,Bharat Biotech,Covaxin,REPORTING,IND
,,,Bharat - Covaxin,Bharat Biotech,Covaxin,REPORTING,KWT
2021-03-01,,2021-10-04,Bharat - Covaxin,Bharat Biotech,Covaxin,REPORTING,PRY
,,,Bharat - Covaxin,Bharat Biotech,Covaxin,REPORTING,JOR
,,2021-09-02,Bharat - Covaxin,Bharat Biotech,Covaxin,REPORTING,IRN
,,,Bharat - Covaxin,Bharat Biotech,Covaxin,REPORTING,LBY
,,,Bharat - Covaxin,Bharat Biotech,Covaxin,REPORTING,CAF
,,,Bharat - Covaxin,Bharat Biotech,Covaxin,REPORTING,NPL
,,,Bharat - Covaxin,Bharat Biotech,Covaxin,REPORTING,PAK
,,2021-06-01,Bharat - Covaxin,Bharat Biotech,Covaxin,REPORTING,PRT
,,,Bharat - Covaxin,Bharat Biotech,Covaxin,REPORTING,SAU
,,,Bharat - Covaxin,Bharat Biotech,Covaxin,REPORTING,IRQ
,,,Bharat - Covaxin,Bharat Biotech,Covaxin,REPORTING,BHR
,,,Bharat - Covaxin,Bharat Biotech,Covaxin,REPORTING,BWA
,,,Bharat - Covaxin,Bharat Biotech,Covaxin,REPORTING,SOM
,,,Bharat - Covaxin,Bharat Biotech,Covaxin,REPORTING,ARE
,,,Bharat - Covaxin,Bharat Biotech,Covaxin,REPORTING,QAT
,,,Bharat - Covaxin,Bharat Biotech,Covaxin,REPORTING,EGY
,,,Bharat - Covaxin,Bharat Biotech,Covaxin,REPORTING,MAR
,,,Bharat - Covaxin,Bharat Biotech,Covaxin,REPORTING,MUS
,,,Bharat - Covaxin,Bharat Biotech,Covaxin,REPORTING,TUN
,,,Bharat - Covaxin,Bharat Biotech,Covaxin,REPORTING,AFG
2021-01-02,,2021-10-04,Bharat - Covaxin,Bharat Biotech,Covaxin,REPORTING,COM
,,,Janssen - Ad26.COV 2-S,Janssen Pharmaceuticals,Ad26.COV 2-S,REPORTING,ETH
,,,Janssen - Ad26.COV 2-S,Janssen Pharmaceuticals,Ad26.COV 2-S,REPORTING,FRA
,,,Janssen - Ad26.COV 2-S,Janssen Pharmaceuticals,Ad26.COV 2-S,REPORTING,FIN
,,,Janssen - Ad26.COV 2-S,Janssen Pharmaceuticals,Ad26.COV 2-S,REPORTING,ESP
,,,Janssen - Ad26.COV 2-S,Janssen Pharmaceuticals,Ad26.COV 2-S,REPORTING,GUF
,,,Janssen - Ad26.COV 2-S,Janssen Pharmaceuticals,Ad26.COV 2-S,REPORTING,PRI
,,,Janssen - Ad26.COV 2-S,Janssen Pharmaceuticals,Ad26.COV 2-S,REPORTING,ABW
,,,Janssen - Ad26.COV 2-S,Janssen Pharmaceuticals,Ad26.COV 2-S,REPORTING,LAO
,,,Janssen - Ad26.COV 2-S,Janssen Pharmaceuticals,Ad26.COV 2-S,REPORTING,VUT
,,,Janssen - Ad26.COV 2-S,Janssen Pharmaceuticals,Ad26.COV 2-S,REPORTING,SSD
,,,Janssen - Ad26.COV 2-S,Janssen Pharmaceuticals,Ad26.COV 2-S,REPORTING,ZMB
2021-03-02,,2021-01-04,Janssen - Ad26.COV 2-S,Janssen Pharmaceuticals,Ad26.COV 2-S,REPORTING,SYR
,,,Janssen - Ad26.COV 2-S,Janssen Pharmaceuticals,Ad26.COV 2-S,REPORTING,CIV
,,,Janssen - Ad26.COV 2-S,Janssen Pharmaceuticals,Ad26.COV 2-S,REPORTING,LIE
,,,Janssen - Ad26.COV 2-S,Janssen Pharmaceuticals,Ad26.COV 2-S,REPORTING,LBN
,,,Janssen - Ad26.COV 2-S,Janssen Pharmaceuticals,Ad26.COV 2-S,REPORTING,PHL
,,,Janssen - Ad26.COV 2-S,Janssen Pharmaceuticals,Ad26.COV 2-S,REPORTING,BRB
2021-06-02,,,Janssen - Ad26.COV 2-S,Janssen Pharmaceuticals,Ad26.COV 2-S,REPORTING,MDV
,,,Janssen - Ad26.COV 2-S,Janssen Pharmaceuticals,Ad26.COV 2-S,REPORTING,JOR
,,,Janssen - Ad26.COV 2-S,Janssen Pharmaceuticals,Ad26.COV 2-S,REPORTING,IRN
,,2021-05-03,Janssen - Ad26.COV 2-S,Janssen Pharmaceuticals,Ad26.COV 2-S,REPORTING,GIN
,,,Janssen - Ad26.COV 2-S,Janssen Pharmaceuticals,Ad26.COV 2-S,REPORTING,COL
,,,Janssen - Ad26.COV 2-S,Janssen Pharmaceuticals,Ad26.COV 2-S,REPORTING,LTU
,,,Janssen - Ad26.COV 2-S,Janssen Pharmaceuticals,Ad26.COV 2-S,REPORTING,ASM
,,,Janssen - Ad26.COV 2-S,Janssen Pharmaceuticals,Ad26.COV 2-S,REPORTING,CMR
,,,Janssen - Ad26.COV 2-S,Janssen Pharmaceuticals,Ad26.COV 2-S,REPORTING,BFA
,,,Janssen - Ad26.COV 2-S,Janssen Pharmaceuticals,Ad26.COV 2-S,REPORTING,NLD
,,2021-08-10,Janssen - Ad26.COV 2-S,Janssen Pharmaceuticals,Ad26.COV 2-S,REPORTING,NIC
,,,Janssen - Ad26.COV 2-S,Janssen Pharmaceuticals,Ad26.COV 2-S,REPORTING,PNG
2021-07-07,,,Janssen - Ad26.COV 2-S,Janssen Pharmaceuticals,Ad26.COV 2-S,REPORTING,NZL
2021-05-08,,,Janssen - Ad26.COV 2-S,Janssen Pharmaceuticals,Ad26.COV 2-S,REPORTING,IND
,,,Janssen - Ad26.COV 2-S,Janssen Pharmaceuticals,Ad26.COV 2-S,REPORTING,KWT
,,2021-01-09,Janssen - Ad26.COV 2-S,Janssen Pharmaceuticals,Ad26.COV 2-S,REPORTING,BLZ
,,,Janssen - Ad26.COV 2-S,Janssen Pharmaceuticals,Ad26.COV 2-S,REPORTING,BGD
,,2022-09-11,Janssen - Ad26.COV 2-S,Janssen Pharmaceuticals,Ad26.COV 2-S,REPORTING,UZB
2021-11-06,,,Janssen - Ad26.COV 2-S,Janssen Pharmaceuticals,Ad26.COV 2-S,REPORTING,RWA
,,,Janssen - Ad26.COV 2-S,Janssen Pharmaceuticals,Ad26.COV 2-S,REPORTING,BHS
,,,Janssen - Ad26.COV 2-S,Janssen Pharmaceuticals,Ad26.COV 2-S,REPORTING,CYP
,,,Janssen - Ad26.COV 2-S,Janssen Pharmaceuticals,Ad26.COV 2-S,REPORTING,ISL
,,,Janssen - Ad26.COV 2-S,Janssen Pharmaceuticals,Ad26.COV 2-S,REPORTING,CHE
,,2021-09-03,Janssen - Ad26.COV 2-S,Janssen Pharmaceuticals,Ad26.COV 2-S,REPORTING,SDN
,,,Janssen - Ad26.COV 2-S,Janssen Pharmaceuticals,Ad26.COV 2-S,REPORTING,LCA
,,,Janssen - Ad26.COV 2-S,Janssen Pharmaceuticals,Ad26.COV 2-S,REPORTING,PRT
,,,Janssen - Ad26.COV 2-S,Janssen Pharmaceuticals,Ad26.COV 2-S,REPORTING,SVN
2020-10-12,,2021-06-01,Janssen - Ad26.COV 2-S,Janssen Pharmaceuticals,Ad26.COV 2-S,REPORTING,SAU
,,,Janssen - Ad26.COV 2-S,Janssen Pharmaceuticals,Ad26.COV 2-S,REPORTING,VGB
,,2021-03-03,Janssen - Ad26.COV 2-S,Janssen Pharmaceuticals,Ad26.COV 2-S,REPORTING,CZE
,,,Janssen - Ad26.COV 2-S,Janssen Pharmaceuticals,Ad26.COV 2-S,REPORTING,MNP
,,,Janssen - Ad26.COV 2-S,Janssen Pharmaceuticals,Ad26.COV 2-S,REPORTING,KEN
,,,Janssen - Ad26.COV 2-S,Janssen Pharmaceuticals,Ad26.COV 2-S,REPORTING,HND
,,2021-06-09,Janssen - Ad26.COV 2-S,Janssen Pharmaceuticals,Ad26.COV 2-S,REPORTING,ATG
,,,Janssen - Ad26.COV 2-S,Janssen Pharmaceuticals,Ad26.COV 2-S,REPORTING,NPL
,,,Janssen - Ad26.COV 2-S,Janssen Pharmaceuticals,Ad26.COV 2-S,REPORTING,PAK
,,,Janssen - Ad26.COV 2-S,Janssen Pharmaceuticals,Ad26.COV 2-S,REPORTING,MCO
,,,Janssen - Ad26.COV 2-S,Janssen Pharmaceuticals,Ad26.COV 2-S,REPORTING,BEL
,,,Janssen - Ad26.COV 2-S,Janssen Pharmaceuticals,Ad26.COV 2-S,REPORTING,MLT
,,,Janssen - Ad26.COV 2-S,Janssen Pharmaceuticals,Ad26.COV 2-S,REPORTING,QAT
,,2021-11-04,Janssen - Ad26.COV 2-S,Janssen Pharmaceuticals,Ad26.COV 2-S,REPORTING,LBY
,,,Janssen - Ad26.COV 2-S,Janssen Pharmaceuticals,Ad26.COV 2-S,REPORTING,EST
,,,Janssen - Ad26.COV 2-S,Janssen Pharmaceuticals,Ad26.COV 2-S,REPORTING,GUM
,,,Janssen - Ad26.COV 2-S,Janssen Pharmaceuticals,Ad26.COV 2-S,REPORTING,MWI
,,,Janssen - Ad26.COV 2-S,Janssen Pharmaceuticals,Ad26.COV 2-S,REPORTING,AUT
,,,Janssen - Ad26.COV 2-S,Janssen Pharmaceuticals,Ad26.COV 2-S,REPORTING,CAN
,,,Janssen - Ad26.COV 2-S,Janssen Pharmaceuticals,Ad26.COV 2-S,REPORTING,BRA
,,2021-03-05,Janssen - Ad26.COV 2-S,Janssen Pharmaceuticals,Ad26.COV 2-S,REPORTING,PYF
,,2021-12-05,Janssen - Ad26.COV 2-S,Janssen Pharmaceuticals,Ad26.COV 2-S,REPORTING,BGR
,,,Janssen - Ad26.COV 2-S,Janssen Pharmaceuticals,Ad26.COV 2-S,REPORTING,ARE
2021-02-08,,,Janssen - Ad26.COV 2-S,Janssen Pharmaceuticals,Ad26.COV 2-S,REPORTING,NAM
,,2021-06-01,Janssen - Ad26.COV 2-S,Janssen Pharmaceuticals,Ad26.COV 2-S,REPORTING,LVA
,,2021-06-01,Janssen - Ad26.COV 2-S,Janssen Pharmaceuticals,Ad26.COV 2-S,REPORTING,GRC
,,2021-07-10,Janssen - Ad26.COV 2-S,Janssen Pharmaceuticals,Ad26.COV 2-S,REPORTING,BOL
,,2021-06-01,Janssen - Ad26.COV 2-S,Janssen Pharmaceuticals,Ad26.COV 2-S,REPORTING,ITA
,,,Janssen - Ad26.COV 2-S,Janssen Pharmaceuticals,Ad26.COV 2-S,REPORTING,HRV
,,,Janssen - Ad26.COV 2-S,Janssen Pharmaceuticals,Ad26.COV 2-S,REPORTING,SEN
,,,Janssen - Ad26.COV 2-S,Janssen Pharmaceuticals,Ad26.COV 2-S,REPORTING,PLW
,,,Janssen - Ad26.COV 2-S,Janssen Pharmaceuticals,Ad26.COV 2-S,REPORTING,GLP
,,,Janssen - Ad26.COV 2-S,Janssen Pharmaceuticals,Ad26.COV 2-S,REPORTING,SOM
,,,Janssen - Ad26.COV 2-S,Janssen Pharmaceuticals,Ad26.COV 2-S,REPORTING,HTI
,,,Janssen - Ad26.COV 2-S,Janssen Pharmaceuticals,Ad26.COV 2-S,REPORTING,AUS
,,,Janssen - Ad26.COV 2-S,Janssen Pharmaceuticals,Ad26.COV 2-S,REPORTING,IRQ
2020-03-11,,2020-04-11,Janssen - Ad26.COV 2-S,Janssen Pharmaceuticals,Ad26.COV 2-S,REPORTING,BHR
,,,Janssen - Ad26.COV 2-S,Janssen Pharmaceuticals,Ad26.COV 2-S,REPORTING,GUY
,,,Janssen - Ad26.COV 2-S,Janssen Pharmaceuticals,Ad26.COV 2-S,REPORTING,BWA
,,,Janssen - Ad26.COV 2-S,Janssen Pharmaceuticals,Ad26.COV 2-S,REPORTING,UGA
,,,Janssen - Ad26.COV 2-S,Janssen Pharmaceuticals,Ad26.COV 2-S,REPORTING,BRN
,,,Janssen - Ad26.COV 2-S,Janssen Pharmaceuticals,Ad26.COV 2-S,REPORTING,TTO
,,,Janssen - Ad26.COV 2-S,Janssen Pharmaceuticals,Ad26.COV 2-S,REPORTING,MDA
,,,Janssen - Ad26.COV 2-S,Janssen Pharmaceuticals,Ad26.COV 2-S,REPORTING,SWZ
,,,Janssen - Ad26.COV 2-S,Janssen Pharmaceuticals,Ad26.COV 2-S,REPORTING,AFG
2021-06-01,,,Janssen - Ad26.COV 2-S,Janssen Pharmaceuticals,Ad26.COV 2-S,REPORTING,MAR
,,,Janssen - Ad26.COV 2-S,Janssen Pharmaceuticals,Ad26.COV 2-S,REPORTING,TZA
,,2021-05-05,Janssen - Ad26.COV 2-S,Janssen Pharmaceuticals,Ad26.COV 2-S,REPORTING,HUN
,,2021-06-01,Janssen - Ad26.COV 2-S,Janssen Pharmaceuticals,Ad26.COV 2-S,REPORTING,DNK
,,,Janssen - Ad26.COV 2-S,Janssen Pharmaceuticals,Ad26.COV 2-S,REPORTING,MOZ
2021-11-01,,,Janssen - Ad26.COV 2-S,Janssen Pharmaceuticals,Ad26.COV 2-S,REPORTING,TUN
,,2021-09-04,Janssen - Ad26.COV 2-S,Janssen Pharmaceuticals,Ad26.COV 2-S,REPORTING,FSM
,,2021-12-11,Janssen - Ad26.COV 2-S,Janssen Pharmaceuticals,Ad26.COV 2-S,REPORTING,GRD
2021-07-09,,,Janssen - Ad26.COV 2-S,Janssen Pharmaceuticals,Ad26.COV 2-S,REPORTING,IDN
,,2021-01-08,Janssen - Ad26.COV 2-S,Janssen Pharmaceuticals,Ad26.COV 2-S,REPORTING,KHM
,,,Janssen - Ad26.COV 2-S,Janssen Pharmaceuticals,Ad26.COV 2-S,REPORTING,THA
,,,Janssen - Ad26.COV 2-S,Janssen Pharmaceuticals,Ad26.COV 2-S,REPORTING,EGY
,,,Janssen - Ad26.COV 2-S,Janssen Pharmaceuticals,Ad26.COV 2-S,REPORTING,BEN
,,,Janssen - Ad26.COV 2-S,Janssen Pharmaceuticals,Ad26.COV 2-S,REPORTING,ZAF
,,,Janssen - Ad26.COV 2-S,Janssen Pharmaceuticals,Ad26.COV 2-S,REPORTING,UKR
,,,Janssen - Ad26.COV 2-S,Janssen Pharmaceuticals,Ad26.COV 2-S,REPORTING,MEX
,,,Janssen - Ad26.COV 2-S,Janssen Pharmaceuticals,Ad26.COV 2-S,REPORTING,JAM
,,2021-05-05,Janssen - Ad26.COV 2-S,Janssen Pharmaceuticals,Ad26.COV 2-S,REPORTING,ROU
,,2021-08-04,Janssen - Ad26.COV 2-S,Janssen Pharmaceuticals,Ad26.COV 2-S,REPORTING,MHL
,,2021-03-03,Janssen - Ad26.COV 2-S,Janssen Pharmaceuticals,Ad26.COV 2-S,REPORTING,SVK
,,2021-01-03,Janssen - Ad26.COV 2-S,Janssen Pharmaceuticals,Ad26.COV 2-S,REPORTING,USA
2021-07-04,,2021-10-06,Janssen - Ad26.COV 2-S,Janssen Pharmaceuticals,Ad26.COV 2-S,REPORTING,KOR
,,2021-06-01,Janssen - Ad26.COV 2-S,Janssen Pharmaceuticals,Ad26.COV 2-S,REPORTING,POL
,,,Janssen - Ad26.COV 2-S,Janssen Pharmaceuticals,Ad26.COV 2-S,REPORTING,NCL
,,,Janssen - Ad26.COV 2-S,Janssen Pharmaceuticals,Ad26.COV 2-S,REPORTING,OMN
,,2021-02-02,Janssen - Ad26.COV 2-S,Janssen Pharmaceuticals,Ad26.COV 2-S,REPORTING,PSE
,,,Janssen - Ad26.COV 2-S,Janssen Pharmaceuticals,Ad26.COV 2-S,REPORTING,DJI
,,,Janssen - Ad26.COV 2-S,Janssen Pharmaceuticals,Ad26.COV 2-S,REPORTING,MYS
,,2021-07-04,Janssen - Ad26.COV 2-S,Janssen Pharmaceuticals,Ad26.COV 2-S,REPORTING,LUX
,,2021-03-03,Janssen - Ad26.COV 2-S,Janssen Pharmaceuticals,Ad26.COV 2-S,REPORTING,NOR
,,2021-05-05,Janssen - Ad26.COV 2-S,Janssen Pharmaceuticals,Ad26.COV 2-S,REPORTING,ARM
,,,Janssen - Ad26.COV 2-S,Janssen Pharmaceuticals,Ad26.COV 2-S,REPORTING,DEU
,,,Janssen - Ad26.COV 2-S,Janssen Pharmaceuticals,Ad26.COV 2-S,REPORTING,MDG
,,,Janssen - Ad26.COV 2-S,Janssen Pharmaceuticals,Ad26.COV 2-S,REPORTING,YEM
2021-07-07,,,Janssen - Ad26.COV 2-S,Janssen Pharmaceuticals,Ad26.COV 2-S,REPORTING,LSO
,,,Janssen - Ad26.COV 2-S,Janssen Pharmaceuticals,Ad26.COV 2-S,REPORTING,IRL
,,,Sinovac - CoronaVac,Sinovac,Coronavac,REPORTING,ARM
,,,Sinovac - CoronaVac,Sinovac,Coronavac,REPORTING,YEM
,,,Sinovac - CoronaVac,Sinovac,Coronavac,REPORTING,GEO
,,2021-05-05,Sinovac - CoronaVac,Sinovac,Coronavac,REPORTING,KAZ
,,,Sinovac - CoronaVac,Sinovac,Coronavac,REPORTING,OMN
2021-06-01,,,Sinovac - CoronaVac,Sinovac,Coronavac,REPORTING,TLS
,,,Sinovac - CoronaVac,Sinovac,Coronavac,REPORTING,LBN
,,2021-01-03,Sinovac - CoronaVac,Sinovac,Coronavac,REPORTING,PHL
,,2021-05-10,Sinovac - CoronaVac,Sinovac,Coronavac,REPORTING,LAO
2021-09-03,,,Sinovac - CoronaVac,Sinovac,Coronavac,REPORTING,SLV
2021-01-04,,2021-05-03,Sinovac - CoronaVac,Sinovac,Coronavac,REPORTING,GIN
,,,Sinovac - CoronaVac,Sinovac,Coronavac,REPORTING,DOM
2021-04-02,,,Sinovac - CoronaVac,Sinovac,Coronavac,REPORTING,COL
2021-03-02,,2021-01-04,Sinovac - CoronaVac,Sinovac,Coronavac,REPORTING,SYR
,,,Sinovac - CoronaVac,Sinovac,Coronavac,REPORTING,VEN
2021-06-06,,2021-11-12,Sinovac - CoronaVac,Sinovac,Coronavac,REPORTING,BGD
,,,Sinovac - CoronaVac,Sinovac,Coronavac,REPORTING,UZB
2021-06-02,,2021-10-03,Sinovac - CoronaVac,Sinovac,Coronavac,REPORTING,PRY
,,,Sinovac - CoronaVac,Sinovac,Coronavac,REPORTING,MDV
,,,Sinovac - CoronaVac,Sinovac,Coronavac,REPORTING,JOR
,,,Sinovac - CoronaVac,Sinovac,Coronavac,REPORTING,IRN
,,,Sinovac - CoronaVac,Sinovac,Coronavac,REPORTING,SAU
,,,Sinovac - CoronaVac,Sinovac,Coronavac,REPORTING,DZA
,,,Sinovac - CoronaVac,Sinovac,Coronavac,REPORTING,RWA
,,2021-09-03,Sinovac - CoronaVac,Sinovac,Coronavac,REPORTING,SDN
,,,Sinovac - CoronaVac,Sinovac,Coronavac,REPORTING,KWT
,,,Sinovac - CoronaVac,Sinovac,Coronavac,REPORTING,URY
,,,Sinovac - CoronaVac,Sinovac,Coronavac,REPORTING,CHN
,,,Sinovac - CoronaVac,Sinovac,Coronavac,REPORTING,QAT
,,,Sinovac - CoronaVac,Sinovac,Coronavac,REPORTING,ALB
,,2021-11-04,Sinovac - CoronaVac,Sinovac,Coronavac,REPORTING,LBY
,,2021-03-02,Sinovac - CoronaVac,Sinovac,Coronavac,REPORTING,PAK
,,,Sinovac - CoronaVac,Sinovac,Coronavac,REPORTING,PRT
,,2021-12-02,Sinovac - CoronaVac,Sinovac,Coronavac,REPORTING,GNQ
2021-08-04,,,Sinovac - CoronaVac,Sinovac,Coronavac,REPORTING,BWA
,,,Sinovac - CoronaVac,Sinovac,Coronavac,REPORTING,SOM
,,,Sinovac - CoronaVac,Sinovac,Coronavac,REPORTING,ARE
,,,Sinovac - CoronaVac,Sinovac,Coronavac,REPORTING,MKD
,,,Sinovac - CoronaVac,Sinovac,Coronavac,REPORTING,BRA
,,,Sinovac - CoronaVac,Sinovac,Coronavac,REPORTING,UGA
,,2021-12-05,Sinovac - CoronaVac,Sinovac,Coronavac,REPORTING,MDA
,,,Sinovac - CoronaVac,Sinovac,Coronavac,REPORTING,AFG
,,2021-03-02,Sinovac - CoronaVac,Sinovac,Coronavac,REPORTING,CHL
,,,Sinovac - CoronaVac,Sinovac,Coronavac,REPORTING,IRQ
,,,Sinovac - CoronaVac,Sinovac,Coronavac,REPORTING,BHR
,,,Sinovac - CoronaVac,Sinovac,Coronavac,REPORTING,THA
,,,Sinovac - CoronaVac,Sinovac,Coronavac,REPORTING,EGY
,,,Sinovac - CoronaVac,Sinovac,Coronavac,REPORTING,MAR
2021-06-03,,2021-08-03,Sinovac - CoronaVac,Sinovac,Coronavac,REPORTING,ECU
,,,Sinovac - CoronaVac,Sinovac,Coronavac,REPORTING,HUN
2021-11-01,,,Sinovac - CoronaVac,Sinovac,Coronavac,REPORTING,TUN
,,,Sinovac - CoronaVac,Sinovac,Coronavac,REPORTING,UKR
2021-09-02,,,Sinovac - CoronaVac,Sinovac,Coronavac,REPORTING,MEX
,,,Sinovac - CoronaVac,Sinovac,Coronavac,REPORTING,JAM
2021-11-01,,,Sinovac - CoronaVac,Sinovac,Coronavac,REPORTING,IDN
,,2021-09-06,Sinovac - CoronaVac,Sinovac,Coronavac,REPORTING,TJK
2021-12-02,,2021-01-04,Sinovac - CoronaVac,Sinovac,Coronavac,REPORTING,KHM
,,,Sinovac - CoronaVac,Sinovac,Coronavac,REPORTING,ZWE
,,2021-02-02,Sinovac - CoronaVac,Sinovac,Coronavac,REPORTING,PSE
,,,Sinovac - CoronaVac,Sinovac,Coronavac,REPORTING,DJI
2021-02-03,,,Sinovac - CoronaVac,Sinovac,Coronavac,REPORTING,MYS
,,,Sinovac - CoronaVac,Sinovac,Coronavac,REPORTING,AZE
,,,Sinovac - CoronaVac,Sinovac,Coronavac,REPORTING,BEN
,,,Novavax-NUVAXOVID,Novavax,NUVAXOVID,REPORTING,FRA
,,2022-09-03,Novavax-NUVAXOVID,Novavax,NUVAXOVID,REPORTING,SWE
,,,Novavax-NUVAXOVID,Novavax,NUVAXOVID,REPORTING,PRI
,,,Novavax-NUVAXOVID,Novavax,NUVAXOVID,REPORTING,DEU
,,2021-03-02,Novavax-NUVAXOVID,Novavax,NUVAXOVID,REPORTING,IRL
,,2022-02-03,Novavax-NUVAXOVID,Novavax,NUVAXOVID,REPORTING,LUX
,,,Novavax-NUVAXOVID,Novavax,NUVAXOVID,REPORTING,NLD
,,,Novavax-NUVAXOVID,Novavax,NUVAXOVID,REPORTING,PHL
,,2022-02-03,Novavax-NUVAXOVID,Novavax,NUVAXOVID,REPORTING,SVN
,,2022-02-03,Novavax-NUVAXOVID,Novavax,NUVAXOVID,REPORTING,CZE
,,2022-09-03,Novavax-NUVAXOVID,Novavax,NUVAXOVID,REPORTING,CYP
,,2022-03-08,Novavax-NUVAXOVID,Novavax,NUVAXOVID,REPORTING,ISL
,,,Novavax-NUVAXOVID,Novavax,NUVAXOVID,REPORTING,CHE
,,,Novavax-NUVAXOVID,Novavax,NUVAXOVID,REPORTING,NZL
,,,Novavax-NUVAXOVID,Novavax,NUVAXOVID,REPORTING,CAN
,,,Novavax-NUVAXOVID,Novavax,NUVAXOVID,REPORTING,MCO
,,2022-02-03,Novavax-NUVAXOVID,Novavax,NUVAXOVID,REPORTING,BEL
,,2022-09-03,Novavax-NUVAXOVID,Novavax,NUVAXOVID,REPORTING,EST
,,,Novavax-NUVAXOVID,Novavax,NUVAXOVID,REPORTING,JPN
,,,Novavax-NUVAXOVID,Novavax,NUVAXOVID,REPORTING,PRT
,,2022-02-02,Novavax-NUVAXOVID,Novavax,NUVAXOVID,REPORTING,ITA
,,2022-02-03,Novavax-NUVAXOVID,Novavax,NUVAXOVID,REPORTING,HRV
,,,Novavax-NUVAXOVID,Novavax,NUVAXOVID,REPORTING,GLP
,,2022-02-03,Novavax-NUVAXOVID,Novavax,NUVAXOVID,REPORTING,LVA
,,,Novavax-NUVAXOVID,Novavax,NUVAXOVID,REPORTING,GRC
,,,Novavax-NUVAXOVID,Novavax,NUVAXOVID,REPORTING,AUT
,,2022-09-03,Novavax-NUVAXOVID,Novavax,NUVAXOVID,REPORTING,SVK
,,,Novavax-NUVAXOVID,Novavax,NUVAXOVID,REPORTING,USA
,,,Novavax-NUVAXOVID,Novavax,NUVAXOVID,REPORTING,KOR
,,2021-09-06,Novavax-NUVAXOVID,Novavax,NUVAXOVID,REPORTING,POL
2021-01-11,,2021-06-12,Novavax-NUVAXOVID,Novavax,NUVAXOVID,REPORTING,IDN
,,,Novavax-NUVAXOVID,Novavax,NUVAXOVID,REPORTING,AUS
2021-03-03,,,SII - Covishield,Serum Institute of India,Covishield,REPORTING,ETH
,,2021-10-03,SII - Covishield,Serum Institute of India,Covishield,REPORTING,TGO
,,,SII - Covishield,Serum Institute of India,Covishield,REPORTING,STP
,,2021-10-03,SII - Covishield,Serum Institute of India,Covishield,REPORTING,AGO
,,,SII - Covishield,Serum Institute of India,Covishield,REPORTING,ARM
,,2021-10-05,SII - Covishield,Serum Institute of India,Covishield,REPORTING,MDG
2021-01-03,,2021-06-04,SII - Covishield,Serum Institute of India,Covishield,REPORTING,SSD
,,,SII - Covishield,Serum Institute of India,Covishield,REPORTING,ZMB
2021-03-02,,2021-01-04,SII - Covishield,Serum Institute of India,Covishield,REPORTING,SYR
,,,SII - Covishield,Serum Institute of India,Covishield,REPORTING,SUR
,,2021-01-03,SII - Covishield,Serum Institute of India,Covishield,REPORTING,CIV
,,2021-06-04,SII - Covishield,Serum Institute of India,Covishield,REPORTING,FJI
,,2021-08-01,SII - Covishield,Serum Institute of India,Covishield,REPORTING,BRB
,,2021-02-04,SII - Covishield,Serum Institute of India,Covishield,REPORTING,LAO
,,2021-05-03,SII - Covishield,Serum Institute of India,Covishield,REPORTING,GIN
,,,SII - Covishield,Serum Institute of India,Covishield,REPORTING,DOM
,,,SII - Covishield,Serum Institute of India,Covishield,REPORTING,MLI
,,,SII - Covishield,Serum Institute of India,Covishield,REPORTING,BTN
2021-12-02,,2021-10-03,SII - Covishield,Serum Institute of India,Covishield,REPORTING,GMB
2021-12-02,,2021-02-03,SII - Covishield,Serum Institute of India,Covishield,REPORTING,GHA
,,,SII - Covishield,Serum Institute of India,Covishield,REPORTING,LKA
,,2021-02-06,SII - Covishield,Serum Institute of India,Covishield,REPORTING,BFA
,,2021-06-04,SII - Covishield,Serum Institute of India,Covishield,REPORTING,NIC
2021-02-03,,2021-05-05,SII - Covishield,Serum Institute of India,Covishield,REPORTING,PNG
,,2021-01-02,SII - Covishield,Serum Institute of India,Covishield,REPORTING,MDV
,,2021-12-04,SII - Covishield,Serum Institute of India,Covishield,REPORTING,SLV
,,2021-01-03,SII - Covishield,Serum Institute of India,Covishield,REPORTING,BLZ
2021-07-01,,,SII - Covishield,Serum Institute of India,Covishield,REPORTING,BGD
,,,SII - Covishield,Serum Institute of India,Covishield,REPORTING,UZB
2021-10-01,,,SII - Covishield,Serum Institute of India,Covishield,REPORTING,MNG
2021-04-03,,,SII - Covishield,Serum Institute of India,Covishield,REPORTING,NER
2021-04-03,,2021-12-04,SII - Covishield,Serum Institute of India,Covishield,REPORTING,CMR
,,,SII - Covishield,Serum Institute of India,Covishield,REPORTING,LCA
2021-01-02,,,SII - Covishield,Serum Institute of India,Covishield,REPORTING,DZA
,,2021-05-03,SII - Covishield,Serum Institute of India,Covishield,REPORTING,RWA
2021-05-03,,,SII - Covishield,Serum Institute of India,Covishield,REPORTING,BHS
,,2021-09-03,SII - Covishield,Serum Institute of India,Covishield,REPORTING,SDN
2021-03-01,,,SII - Covishield,Serum Institute of India,Covishield,REPORTING,IND
2021-04-03,,,SII - Covishield,Serum Institute of India,Covishield,REPORTING,HND
2021-05-04,,2021-12-07,SII - Covishield,Serum Institute of India,Covishield,REPORTING,ATG
,,2021-02-04,SII - Covishield,Serum Institute of India,Covishield,REPORTING,GNB
,,,SII - Covishield,Serum Institute of India,Covishield,REPORTING,NPL
,,,SII - Covishield,Serum Institute of India,Covishield,REPORTING,SLB
,,2021-03-02,SII - Covishield,Serum Institute of India,Covishield,REPORTING,PAK
,,2021-10-01,SII - Covishield,Serum Institute of India,Covishield,REPORTING,SYC
,,2021-03-03,SII - Covishield,Serum Institute of India,Covishield,REPORTING,GTM
,,,SII - Covishield,Serum Institute of India,Covishield,REPORTING,ALB
2021-11-02,,,SII - Covishield,Serum Institute of India,Covishield,REPORTING,VCT
,,,SII - Covishield,Serum Institute of India,Covishield,REPORTING,CAF
,,2021-05-03,SII - Covishield,Serum Institute of India,Covishield,REPORTING,KEN
,,,SII - Covishield,Serum Institute of India,Covishield,REPORTING,BOL
,,2021-11-03,SII - Covishield,Serum Institute of India,Covishield,REPORTING,MWI
,,,SII - Covishield,Serum Institute of India,Covishield,REPORTING,CAN
,,2021-01-04,SII - Covishield,Serum Institute of India,Covishield,REPORTING,LBR
,,,SII - Covishield,Serum Institute of India,Covishield,REPORTING,BRA
,,,SII - Covishield,Serum Institute of India,Covishield,REPORTING,ARG
,,,SII - Covishield,Serum Institute of India,Covishield,REPORTING,SEN
,,,SII - Covishield,Serum Institute of India,Covishield,REPORTING,COD
2021-02-03,,2021-01-06,SII - Covishield,Serum Institute of India,Covishield,REPORTING,NRU
,,,SII - Covishield,Serum Institute of India,Covishield,REPORTING,SOM
,,,SII - Covishield,Serum Institute of India,Covishield,REPORTING,ARE
2021-05-03,,,SII - Covishield,Serum Institute of India,Covishield,REPORTING,NAM
,,,SII - Covishield,Serum Institute of India,Covishield,REPORTING,SWZ
,,,SII - Covishield,Serum Institute of India,Covishield,REPORTING,AFG
,,2021-10-04,SII - Covishield,Serum Institute of India,Covishield,REPORTING,COM
,,,SII - Covishield,Serum Institute of India,Covishield,REPORTING,BHR
,,2021-11-02,SII - Covishield,Serum Institute of India,Covishield,REPORTING,GUY
,,,SII - Covishield,Serum Institute of India,Covishield,REPORTING,BWA
2021-03-03,,,SII - Covishield,Serum Institute of India,Covishield,REPORTING,COG
2021-04-03,,,SII - Covishield,Serum Institute of India,Covishield,REPORTING,SLE
,,,SII - Covishield,Serum Institute of India,Covishield,REPORTING,MUS
2021-04-03,,2021-08-03,SII - Covishield,Serum Institute of India,Covishield,REPORTING,MOZ
,,2021-10-03,SII - Covishield,Serum Institute of India,Covishield,REPORTING,UGA
,,,SII - Covishield,Serum Institute of India,Covishield,REPORTING,TTO
,,2021-10-03,SII - Covishield,Serum Institute of India,Covishield,REPORTING,JAM
2021-12-02,,,SII - Covishield,Serum Institute of India,Covishield,REPORTING,GRD
2021-09-02,,2021-12-02,SII - Covishield,Serum Institute of India,Covishield,REPORTING,DMA
,,,SII - Covishield,Serum Institute of India,Covishield,REPORTING,TJK
2021-12-02,,2021-04-03,SII - Covishield,Serum Institute of India,Covishield,REPORTING,KHM
,,,SII - Covishield,Serum Institute of India,Covishield,REPORTING,THA
,,2021-07-04,SII - Covishield,Serum Institute of India,Covishield,REPORTING,TLS
,,,SII - Covishield,Serum Institute of India,Covishield,REPORTING,DJI
,,,SII - Covishield,Serum Institute of India,Covishield,REPORTING,KNA
,,,SII - Covishield,Serum Institute of India,Covishield,REPORTING,BEN
,,,SII - Covishield,Serum Institute of India,Covishield,REPORTING,MRT
,,,SII - Covishield,Serum Institute of India,Covishield,REPORTING,UKR
2021-04-03,,2021-05-03,SII - Covishield,Serum Institute of India,Covishield,REPORTING,NGA
,,,SII - Covishield,Serum Institute of India,Covishield,REPORTING,YEM
,,,SII - Covishield,Serum Institute of India,Covishield,REPORTING,CPV
,,2021-10-03,SII - Covishield,Serum Institute of India,Covishield,REPORTING,LSO
,,,SII - Covishield,Serum Institute of India,Covishield,REPORTING,MMR
,,,SII - Covishield,Serum Institute of India,Covishield,REPORTING,OMN
,,,Finlay - Soberana Plus,Instituto Finlay de Vacunas,Soberana Plus,REPORTING,CUB
,,,Finlay - Soberana Plus,Instituto Finlay de Vacunas,Soberana Plus,REPORTING,NIC
,,2022-09-02,Gamaleya - Sputnik-Light,Gamaleya Research Institute,Sputnik-Light,REPORTING,ARM
,,,Gamaleya - Sputnik-Light,Gamaleya Research Institute,Sputnik-Light,REPORTING,YEM
,,,Gamaleya - Sputnik-Light,Gamaleya Research Institute,Sputnik-Light,REPORTING,OMN
,,2021-02-02,Gamaleya - Sputnik-Light,Gamaleya Research Institute,Sputnik-Light,REPORTING,PSE
,,,Gamaleya - Sputnik-Light,Gamaleya Research Institute,Sputnik-Light,REPORTING,DJI
,,2022-02-03,Gamaleya - Sputnik-Light,Gamaleya Research Institute,Sputnik-Light,REPORTING,AZE
2021-01-10,,,Gamaleya - Sputnik-Light,Gamaleya Research Institute,Sputnik-Light,REPORTING,LAO
,,,Gamaleya - Sputnik-Light,Gamaleya Research Institute,Sputnik-Light,REPORTING,JOR
,,,Gamaleya - Sputnik-Light,Gamaleya Research Institute,Sputnik-Light,REPORTING,IRN
2021-03-02,,2021-01-04,Gamaleya - Sputnik-Light,Gamaleya Research Institute,Sputnik-Light,REPORTING,SYR
,,,Gamaleya - Sputnik-Light,Gamaleya Research Institute,Sputnik-Light,REPORTING,VEN
,,,Gamaleya - Sputnik-Light,Gamaleya Research Institute,Sputnik-Light,REPORTING,LBN
,,,Gamaleya - Sputnik-Light,Gamaleya Research Institute,Sputnik-Light,REPORTING,PHL
,,,Gamaleya - Sputnik-Light,Gamaleya Research Institute,Sputnik-Light,REPORTING,PAK
,,,Gamaleya - Sputnik-Light,Gamaleya Research Institute,Sputnik-Light,REPORTING,SAU
,,,Gamaleya - Sputnik-Light,Gamaleya Research Institute,Sputnik-Light,REPORTING,SDN
,,,Gamaleya - Sputnik-Light,Gamaleya Research Institute,Sputnik-Light,REPORTING,KWT
,,,Gamaleya - Sputnik-Light,Gamaleya Research Institute,Sputnik-Light,REPORTING,UZB
,,,Gamaleya - Sputnik-Light,Gamaleya Research Institute,Sputnik-Light,REPORTING,NIC
,,,Gamaleya - Sputnik-Light,Gamaleya Research Institute,Sputnik-Light,REPORTING,SOM
,,,Gamaleya - Sputnik-Light,Gamaleya Research Institute,Sputnik-Light,REPORTING,ARE
,,2021-06-10,Gamaleya - Sputnik-Light,Gamaleya Research Institute,Sputnik-Light,REPORTING,BLR
,,,Gamaleya - Sputnik-Light,Gamaleya Research Institute,Sputnik-Light,REPORTING,QAT
,,,Gamaleya - Sputnik-Light,Gamaleya Research Institute,Sputnik-Light,REPORTING,LBY
,,,Gamaleya - Sputnik-Light,Gamaleya Research Institute,Sputnik-Light,REPORTING,VCT
,,,Gamaleya - Sputnik-Light,Gamaleya Research Institute,Sputnik-Light,REPORTING,EGY
,,,Gamaleya - Sputnik-Light,Gamaleya Research Institute,Sputnik-Light,REPORTING,MAR
2021-11-01,,,Gamaleya - Sputnik-Light,Gamaleya Research Institute,Sputnik-Light,REPORTING,TUN
,,,Gamaleya - Sputnik-Light,Gamaleya Research Institute,Sputnik-Light,REPORTING,AFG
,,,Gamaleya - Sputnik-Light,Gamaleya Research Institute,Sputnik-Light,REPORTING,IRQ
2020-03-11,,2020-04-11,Gamaleya - Sputnik-Light,Gamaleya Research Institute,Sputnik-Light,REPORTING,BHR
,,,Julphar - Hayat-Vax,,Hayat-Vax,REPORTING,SYC
,,,Julphar - Hayat-Vax,,Hayat-Vax,REPORTING,PRY
2021-11-08,,,Julphar - Hayat-Vax,,Hayat-Vax,REPORTING,PHL
,,,Shifa - COVIran Barakat,,COVIran Barakat,REPORTING,IRN
,,,Novavax - Covavax,,Covavax,REPORTING,MCO
,,,SII - Covovax,,Covovax,REPORTING,THA
,,,SII - Covovax,,Covovax,REPORTING,IND
,,,Moderna – Spikevax Bivalent Original/Omicron BA.1,,Spikevax Bivalent Original/Omicron BA.1,REPORTING,FRA
,,,Moderna – Spikevax Bivalent Original/Omicron BA.1,,Spikevax Bivalent Original/Omicron BA.1,REPORTING,LUX
,,2022-09-02,Moderna – Spikevax Bivalent Original/Omicron BA.1,,Spikevax Bivalent Original/Omicron BA.1,REPORTING,ITA
,,,Moderna – Spikevax Bivalent Original/Omicron BA.1,,Spikevax Bivalent Original/Omicron BA.1,REPORTING,LVA
,,2021-10-02,Moderna – Spikevax Bivalent Original/Omicron BA.1,,Spikevax Bivalent Original/Omicron BA.1,REPORTING,AUT
,,2022-12-10,Moderna – Spikevax Bivalent Original/Omicron BA.1,,Spikevax Bivalent Original/Omicron BA.1,REPORTING,EST
,,,Moderna – Spikevax Bivalent Original/Omicron BA.1,,Spikevax Bivalent Original/Omicron BA.1,REPORTING,PRT
,,,Moderna – Spikevax Bivalent Original/Omicron BA.1,,Spikevax Bivalent Original/Omicron BA.1,REPORTING,CZE
,,,Moderna – Spikevax Bivalent Original/Omicron BA.1,,Spikevax Bivalent Original/Omicron BA.1,REPORTING,CHE
,,2023-01-02,Moderna – Spikevax Bivalent Original/Omicron BA.4/BA.5,,Spikevax Bivalent Original/Omicron BA.4/BA.5,REPORTING,FRA
,,,Moderna – Spikevax Bivalent Original/Omicron BA.4/BA.5,,Spikevax Bivalent Original/Omicron BA.4/BA.5,REPORTING,ITA
,,,Moderna – Spikevax Bivalent Original/Omicron BA.4/BA.5,,Spikevax Bivalent Original/Omicron BA.4/BA.5,REPORTING,EST
,,2021-04-08,Moderna – Spikevax Bivalent Original/Omicron BA.4/BA.5,,Spikevax Bivalent Original/Omicron BA.4/BA.5,REPORTING,PRT
,,,Moderna – Spikevax Bivalent Original/Omicron BA.4/BA.5,,Spikevax Bivalent Original/Omicron BA.4/BA.5,REPORTING,CZE
,,2022-07-09,Pfizer BioNTech - Comirnaty Bivalent Original/Omicron BA.1,,Comirnaty Bivalent Original/Omicron BA.1,REPORTING,LUX
,,2022-07-09,Pfizer BioNTech - Comirnaty Bivalent Original/Omicron BA.1,,Comirnaty Bivalent Original/Omicron BA.1,REPORTING,HUN
,,2022-05-01,Pfizer BioNTech - Comirnaty Bivalent Original/Omicron BA.1,,Comirnaty Bivalent Original/Omicron BA.1,REPORTING,ITA
,,,Pfizer BioNTech - Comirnaty Bivalent Original/Omicron BA.1,,Comirnaty Bivalent Original/Omicron BA.1,REPORTING,LVA
,,,Pfizer BioNTech - Comirnaty Bivalent Original/Omicron BA.1,,Comirnaty Bivalent Original/Omicron BA.1,REPORTING,GRC
,,,Pfizer BioNTech - Comirnaty Bivalent Original/Omicron BA.1,,Comirnaty Bivalent Original/Omicron BA.1,REPORTING,AUT
,,,Pfizer BioNTech - Comirnaty Bivalent Original/Omicron BA.1,,Comirnaty Bivalent Original/Omicron BA.1,REPORTING,EST
,,,Pfizer BioNTech - Comirnaty Bivalent Original/Omicron BA.1,,Comirnaty Bivalent Original/Omicron BA.1,REPORTING,PRT
,,,Pfizer BioNTech - Comirnaty Bivalent Original/Omicron BA.1,,Comirnaty Bivalent Original/Omicron BA.1,REPORTING,CZE
,,,Pfizer BioNTech - Comirnaty Bivalent Original/Omicron BA.1,,Comirnaty Bivalent Original/Omicron BA.1,REPORTING,CHE
,,2022-09-11,Pfizer BioNTech - Comirnaty Bivalent Original/Omicron BA.1,,Comirnaty Bivalent Original/Omicron BA.1,REPORTING,NLD
,,2022-05-10,Pfizer BioNTech - Comirnaty Bivalent Original/Omicron BA.4/BA.5,,Comirnaty Bivalent Original/Omicron BA.4/BA.5,REPORTING,FRA
,,2022-12-10,Pfizer BioNTech - Comirnaty Bivalent Original/Omicron BA.4/BA.5,,Comirnaty Bivalent Original/Omicron BA.4/BA.5,REPORTING,LUX
,,,Pfizer BioNTech - Comirnaty Bivalent Original/Omicron BA.4/BA.5,,Comirnaty Bivalent Original/Omicron BA.4/BA.5,REPORTING,AND
,,,Pfizer BioNTech - Comirnaty Bivalent Original/Omicron BA.4/BA.5,,Comirnaty Bivalent Original/Omicron BA.4/BA.5,REPORTING,ITA
,,2022-05-10,Pfizer BioNTech - Comirnaty Bivalent Original/Omicron BA.4/BA.5,,Comirnaty Bivalent Original/Omicron BA.4/BA.5,REPORTING,LVA
,,2022-05-10,Pfizer BioNTech - Comirnaty Bivalent Original/Omicron BA.4/BA.5,,Comirnaty Bivalent Original/Omicron BA.4/BA.5,REPORTING,GRC
,,,Pfizer BioNTech - Comirnaty Bivalent Original/Omicron BA.4/BA.5,,Comirnaty Bivalent Original/Omicron BA.4/BA.5,REPORTING,AUT
,,,Pfizer BioNTech - Comirnaty Bivalent Original/Omicron BA.4/BA.5,,Comirnaty Bivalent Original/Omicron BA.4/BA.5,REPORTING,ALB
,,,Pfizer BioNTech - Comirnaty Bivalent Original/Omicron BA.4/BA.5,,Comirnaty Bivalent Original/Omicron BA.4/BA.5,REPORTING,EST
,,2021-06-01,Pfizer BioNTech - Comirnaty Bivalent Original/Omicron BA.4/BA.5,,Comirnaty Bivalent Original/Omicron BA.4/BA.5,REPORTING,PRT
,,2022-05-10,Pfizer BioNTech - Comirnaty Bivalent Original/Omicron BA.4/BA.5,,Comirnaty Bivalent Original/Omicron BA.4/BA.5,REPORTING,CZE
,,,Pfizer BioNTech - Comirnaty Bivalent Original/Omicron BA.4/BA.5,,Comirnaty Bivalent Original/Omicron BA.4/BA.5,REPORTING,NLD
,,,Moderna – Spikevax Bivalent Original/Omicron  - Generic,,,REPORTING,DEU
,,,Moderna – Spikevax Bivalent Original/Omicron  - Generic,,,REPORTING,TJK
,,,Moderna – Spikevax Bivalent Original/Omicron  - Generic,,,REPORTING,SVN
,,2022-07-09,Pfizer BioNTech - Comirnaty Bivalent Original/Omicron - Generic,,,REPORTING,DEU
,,,Pfizer BioNTech - Comirnaty Bivalent Original/Omicron - Generic,,,REPORTING,TJK
,,,Pfizer BioNTech - Comirnaty Bivalent Original/Omicron - Generic,,,REPORTING,SVN
